id,conversation_id,created_at,date,timezone,place,tweet,language,hashtags,cashtags,user_id,user_id_str,username,name,day,hour,link,urls,photos,video,thumbnail,retweet,nlikes,nreplies,nretweets,quote_url,search,near,geo,source,user_rt_id,user_rt,retweet_id,reply_to,retweet_date,translate,trans_src,trans_dest,political_party
1380962165507641354,1380962165507641354,1618082011000.0,2021-04-10 14:13:31,-500,,#RafaelPresidente2021 #JorgeMontoyaAlCongreso2021 Viva el PerÃº ğŸ‡µğŸ‡ª #GanamosEnPrimeraVuelta  https://t.co/Q6FmGeEii9,es,"['rafaelpresidente2021', 'jorgemontoyaalcongreso2021', 'ganamosenprimeravuelta']",[],1376956609,1376956609,Alm_Montoya,Jorge Montoya ğŸ‡µğŸ‡ª,6,14,https://twitter.com/Alm_Montoya/status/1380962165507641354,[],['https://pbs.twimg.com/media/EyopxP6WQAcpAom.jpg'],1,https://pbs.twimg.com/media/EyopxP6WQAcpAom.jpg,False,2389,159,774,,None,,,,,,,[],,,,,renovacion_popular
1380903349000753156,1380903349000753156,1618067989000.0,2021-04-10 10:19:49,-500,,#SiSePuede #GanamosEnPrimeraVuelta #11DeAbril #VotaXJorgeMontoya #R1 y Â¡Marca âŒ (R) #RenovaciÃ³nPopular - escribe âœï¸ el Nro. 1  https://t.co/oAXGeFMQBE,es,"['sisepuede', 'ganamosenprimeravuelta', '11deabril', 'votaxjorgemontoya', 'r1', 'renovaciÃ³npopular']",[],1376956609,1376956609,Alm_Montoya,Jorge Montoya ğŸ‡µğŸ‡ª,6,10,https://twitter.com/Alm_Montoya/status/1380903349000753156,[],[],1,https://pbs.twimg.com/ext_tw_video_thumb/1380903219912708098/pu/img/2gdcbHQCaOFjRaLb.jpg,False,529,26,195,,None,,,,,,,[],,,,,renovacion_popular
1380887912582090753,1380887912582090753,1618064308000.0,2021-04-10 09:18:28,-500,,Viva el PerÃº ! ğŸ‡µğŸ‡ª  https://t.co/kgHXxS7Fo7,es,[],[],1376956609,1376956609,Alm_Montoya,Jorge Montoya ğŸ‡µğŸ‡ª,6,9,https://twitter.com/Alm_Montoya/status/1380887912582090753,[],['https://pbs.twimg.com/media/EynmO45XIAEHmbE.jpg'],1,https://pbs.twimg.com/media/EynmO45XIAEHmbE.jpg,False,1382,87,461,,None,,,,,,,[],,,,,renovacion_popular
1380627648603389953,1380627648603389953,1618002256000.0,2021-04-09 16:04:16,-500,,Los jÃ³venes son la promesa del futuro.  Viva el PerÃº ğŸ‡µğŸ‡ª #GanamosEnPrimeraVuelta #11DeAbril #VotaXJorgeMontoya #R1 y Â¡Marca âŒ (R) #RenovaciÃ³nPopular - escribe âœï¸ el Nro. 1  https://t.co/iap5E5Kq3L,es,"['ganamosenprimeravuelta', '11deabril', 'votaxjorgemontoya', 'r1', 'renovaciÃ³npopular']",[],1376956609,1376956609,Alm_Montoya,Jorge Montoya ğŸ‡µğŸ‡ª,5,16,https://twitter.com/Alm_Montoya/status/1380627648603389953,[],[],1,https://pbs.twimg.com/ext_tw_video_thumb/1380627595507666946/pu/img/Up-BWYSh3DWt431B.jpg,False,534,21,185,,None,,,,,,,[],,,,,renovacion_popular
1379802946398003205,1379802946398003205,1617805632000.0,2021-04-07 09:27:12,-500,,"Este 11 de abril, votemos por el futuro de nuestros hijos. Almirante Jorge Montoya Manrique - Congresista. #GanamosEnPrimeraVuelta #11DeAbril #VotaXJorgeMontoya #R1 y Â¡Marca âŒ (R) #RenovaciÃ³nPopular - escribe âœï¸ el Nro. 1  https://t.co/Xg9HDLWrMw",es,"['ganamosenprimeravuelta', '11deabril', 'votaxjorgemontoya', 'r1', 'renovaciÃ³npopular']",[],1376956609,1376956609,Alm_Montoya,Jorge Montoya ğŸ‡µğŸ‡ª,3,9,https://twitter.com/Alm_Montoya/status/1379802946398003205,[],['https://pbs.twimg.com/media/EyYLdvBXIAIEd1r.jpg'],1,https://pbs.twimg.com/media/EyYLdvBXIAIEd1r.jpg,False,640,34,196,,None,,,,,,,[],,,,,renovacion_popular
1379623885176442881,1379623885176442881,1617762941000.0,2021-04-06 21:35:41,-500,,AcompÃ¡Ã±enme en esta entrevista. #GanamosEnPrimeraVuelta #11DeAbril #VotaXJorgeMontoya #R1 y Â¡Marca âŒ (R) #RenovaciÃ³nPopular - escribe âœï¸ el Nro. 1,es,"['ganamosenprimeravuelta', '11deabril', 'votaxjorgemontoya', 'r1', 'renovaciÃ³npopular']",[],1376956609,1376956609,Alm_Montoya,Jorge Montoya ğŸ‡µğŸ‡ª,2,21,https://twitter.com/Alm_Montoya/status/1379623885176442881,[],[],0,,False,411,13,100,https://twitter.com/willaxtv/status/1379622820557291528,None,,,,,,,[],,,,,renovacion_popular
1379569109948641280,1379569109948641280,1617749881000.0,2021-04-06 17:58:01,-500,,Vamos a ganar en primera vuelta. AcompÃ¡Ã±anos en ser parte de este gran cambio. El PerÃº nos necesita. #GanamosEnPrimeraVuelta #11DeAbril #VotaXJorgeMontoya #R1 y Â¡Marca âŒ (R) #RenovaciÃ³nPopular - escribe âœï¸ el Nro. 1  https://t.co/TjsTaDUjeQ,es,"['ganamosenprimeravuelta', '11deabril', 'votaxjorgemontoya', 'r1', 'renovaciÃ³npopular']",[],1376956609,1376956609,Alm_Montoya,Jorge Montoya ğŸ‡µğŸ‡ª,2,17,https://twitter.com/Alm_Montoya/status/1379569109948641280,[],[],1,https://pbs.twimg.com/ext_tw_video_thumb/1379569063207272452/pu/img/SlhDSbetgNFEy-I8.jpg,False,828,42,292,,None,,,,,,,[],,,,,renovacion_popular
1379432711044038659,1379432711044038659,1617717361000.0,2021-04-06 08:56:01,-500,,#GanamosEnPrimeraVuelta #11DeAbril #VotaXJorgeMontoya #R1 y Â¡Marca âŒ (R) #RenovaciÃ³nPopular - escribe âœï¸ el Nro. 1  https://t.co/lVPwSNoDCa,es,"['ganamosenprimeravuelta', '11deabril', 'votaxjorgemontoya', 'r1', 'renovaciÃ³npopular']",[],1376956609,1376956609,Alm_Montoya,Jorge Montoya ğŸ‡µğŸ‡ª,2,8,https://twitter.com/Alm_Montoya/status/1379432711044038659,[],['https://pbs.twimg.com/media/EyS6u-QUUAcoMu6.jpg'],1,https://pbs.twimg.com/media/EyS6u-QUUAcoMu6.jpg,False,563,25,171,,None,,,,,,,[],,,,,renovacion_popular
1378858041173549057,1378858041173549057,1617580349000.0,2021-04-04 18:52:29,-500,,Fuerzas armadas y PNP nuestro compromiso sigue firme juntos podemos lograr.  #GanaRenovaciÃ³nPopular #11DeAbril #VotaXJorgeMontoya #RenovaciÃ³nPopular #JorgeMontoya #AlmiranteJorgeMontoya #RafaelLopezAliaga  https://t.co/lPeGqRlAp6,es,"['ganarenovaciÃ³npopular', '11deabril', 'votaxjorgemontoya', 'renovaciÃ³npopular', 'jorgemontoya', 'almirantejorgemontoya', 'rafaellopezaliaga']",[],1376956609,1376956609,Alm_Montoya,Jorge Montoya ğŸ‡µğŸ‡ª,7,18,https://twitter.com/Alm_Montoya/status/1378858041173549057,[],[],1,https://pbs.twimg.com/ext_tw_video_thumb/1378857952048734209/pu/img/oEXvKS9Y-SlzDq8e.jpg,False,573,26,192,,None,,,,,,,[],,,,,renovacion_popular
1378726280091340806,1378726280091340806,1617548935000.0,2021-04-04 10:08:55,-500,,Las mujeres del PerÃº no tendrÃ¡n desigualdad de salarios entre los hombres tendrÃ¡n igualdad de derechos.   #GanaRenovaciÃ³nPopular #11DeAbril #VotaXJorgeMontoya #RenovaciÃ³nPopular #JorgeMontoya #AlmiranteJorgeMontoya #RafaelLopezAliaga  https://t.co/yFvQdD7aKK,es,"['ganarenovaciÃ³npopular', '11deabril', 'votaxjorgemontoya', 'renovaciÃ³npopular', 'jorgemontoya', 'almirantejorgemontoya', 'rafaellopezaliaga']",[],1376956609,1376956609,Alm_Montoya,Jorge Montoya ğŸ‡µğŸ‡ª,7,10,https://twitter.com/Alm_Montoya/status/1378726280091340806,[],[],1,https://pbs.twimg.com/ext_tw_video_thumb/1378726214383374340/pu/img/WJQ9k7heQopefCzz.jpg,False,365,14,118,,None,,,,,,,[],,,,,renovacion_popular
1378439275218370560,1378439275218370560,1617480508000.0,2021-04-03 15:08:28,-500,,A mis contemporÃ¡neos #GanamosEnPrimeraVuelta #11DeAbril #VotaXJorgeMontoya #R1 y Â¡Marca âŒ (R) #RenovaciÃ³nPopular - escribe âœï¸ el Nro. 1  https://t.co/Z6Vzf58tXn,es,"['ganamosenprimeravuelta', '11deabril', 'votaxjorgemontoya', 'r1', 'renovaciÃ³npopular']",[],1376956609,1376956609,Alm_Montoya,Jorge Montoya ğŸ‡µğŸ‡ª,6,15,https://twitter.com/Alm_Montoya/status/1378439275218370560,[],[],1,https://pbs.twimg.com/ext_tw_video_thumb/1378439224819601425/pu/img/Jce-x0v-RW0A_A0R.jpg,False,859,36,307,,None,,,,,,,[],,,,,renovacion_popular
1378339427559292931,1378339427559292931,1617456702000.0,2021-04-03 08:31:42,-500,,â€œJÃ³venes del PerÃºâ€ La juventud tiene el genio vivo. . . . . . #GanaRenovaciÃ³nPopular #11DeAbril #VotaXJorgeMontoya #RenovaciÃ³nPopular #JorgeMontoya #AlmiranteJorgeMontoya #RafaelLopezAliaga  https://t.co/wThfj4GGz4,es,"['ganarenovaciÃ³npopular', '11deabril', 'votaxjorgemontoya', 'renovaciÃ³npopular', 'jorgemontoya', 'almirantejorgemontoya', 'rafaellopezaliaga']",[],1376956609,1376956609,Alm_Montoya,Jorge Montoya ğŸ‡µğŸ‡ª,6,8,https://twitter.com/Alm_Montoya/status/1378339427559292931,[],[],1,https://pbs.twimg.com/ext_tw_video_thumb/1378339316292800514/pu/img/5Krc75nxORLPxfsH.jpg,False,349,21,114,,None,,,,,,,[],,,,,renovacion_popular
1378085577594179586,1377947414812839937,1617396179000.0,2021-04-02 15:42:59,-500,,@Lojusto2681 Lo primero que se harÃ¡ - revisar la escala salarial de la PNP y FFAA.,es,[],[],1376956609,1376956609,Alm_Montoya,Jorge Montoya ğŸ‡µğŸ‡ª,5,15,https://twitter.com/Alm_Montoya/status/1378085577594179586,[],[],0,,False,1,1,0,,None,,,,,,,"[{'screen_name': 'Lojusto2681', 'name': 'Siempre Feliz', 'id': '308793150'}]",,,,,renovacion_popular
1377947414812839937,1377947414812839937,1617363239000.0,2021-04-02 06:33:59,-500,,#GanamosEnPrimeraVuelta #11DeAbril #VotaXJorgeMontoya #R1 y Â¡Marca âŒ (R) #RenovaciÃ³nPopular - escribe âœï¸ el Nro. 1  https://t.co/kwPfYsttub,es,"['ganamosenprimeravuelta', '11deabril', 'votaxjorgemontoya', 'r1', 'renovaciÃ³npopular']",[],1376956609,1376956609,Alm_Montoya,Jorge Montoya ğŸ‡µğŸ‡ª,5,6,https://twitter.com/Alm_Montoya/status/1377947414812839937,[],[],1,https://pbs.twimg.com/ext_tw_video_thumb/1377780156501200909/pu/img/FlItqnFPwqI7dOAn.jpg,False,383,16,113,,None,,,,,,,[],,,,,renovacion_popular
1377669698796580869,1377669698796580869,1617297026000.0,2021-04-01 12:10:26,-500,,AcompÃ¡Ã±enme en esta entrevista hoy 5pm con @mlukacs   #GanamosEnPrimeraVuelta #11DeAbril #VotaXJorgeMontoya #R1 y Â¡Marca âŒ (R) #RenovaciÃ³nPopular - escribe âœï¸ el Nro. 1   VÃ­a Instagram Live  https://t.co/CGfdZ5XE52 Crece la #OlaCelesteOla #PorkyPresidente  https://t.co/G5EHOWbsji,es,"['ganamosenprimeravuelta', '11deabril', 'votaxjorgemontoya', 'r1', 'renovaciÃ³npopular', 'olacelesteola', 'porkypresidente']",[],1376956609,1376956609,Alm_Montoya,Jorge Montoya ğŸ‡µğŸ‡ª,4,12,https://twitter.com/Alm_Montoya/status/1377669698796580869,['https://instagram.com/mikloslukacs8'],['https://pbs.twimg.com/media/Ex53Go_XAAEtuTc.jpg'],1,https://pbs.twimg.com/media/Ex53Go_XAAEtuTc.jpg,False,411,19,127,,None,,,,,,,[],,,,,renovacion_popular
1377237226745176080,1377237226745176080,1617193917000.0,2021-03-31 07:31:57,-500,,TÃ­tulos de propiedad   #GanamosEnPrimeraVuelta #11DeAbril #VotaXJorgeMontoya #R1 y Â¡Marca âŒ (R) #RenovaciÃ³nPopular - escribe âœï¸ el Nro. 1  https://t.co/1kY8L7wyOa,es,"['ganamosenprimeravuelta', '11deabril', 'votaxjorgemontoya', 'r1', 'renovaciÃ³npopular']",[],1376956609,1376956609,Alm_Montoya,Jorge Montoya ğŸ‡µğŸ‡ª,3,7,https://twitter.com/Alm_Montoya/status/1377237226745176080,[],[],1,https://pbs.twimg.com/ext_tw_video_thumb/1377237176296038401/pu/img/km43dBjjyqtRJu8Z.jpg,False,465,13,143,,None,,,,,,,[],,,,,renovacion_popular
1377095890624598021,1377095890624598021,1617160220000.0,2021-03-30 22:10:20,-500,,AcompÃ¡Ã±enme en esta entrevista. #GanamosEnPrimeraVuelta #11DeAbril #VotaXJorgeMontoya #R1 y Â¡Marca âŒ (R) #RenovaciÃ³nPopular - escribe âœï¸ el Nro. 1  https://t.co/jaO5IzfBxc,es,"['ganamosenprimeravuelta', '11deabril', 'votaxjorgemontoya', 'r1', 'renovaciÃ³npopular']",[],1376956609,1376956609,Alm_Montoya,Jorge Montoya ğŸ‡µğŸ‡ª,2,22,https://twitter.com/Alm_Montoya/status/1377095890624598021,[],['https://pbs.twimg.com/media/ExxtaUKVoAQds2D.jpg'],1,https://pbs.twimg.com/media/ExxtaUKVoAQds2D.jpg,False,555,28,109,,None,,,,,,,[],,,,,renovacion_popular
1376970675722801153,1376970675722801153,1617130366000.0,2021-03-30 13:52:46,-500,,AcompÃ¡Ã±enme en esta entrevista. @ElGobierno_Peru #GanamosEnPrimeraVuelta #11DeAbril #VotaXJorgeMontoya #R1 y Â¡Marca âŒ (R) #RenovaciÃ³nPopular - escribe âœï¸ el Nro. 1  https://t.co/IyQsheSc0U,es,"['ganamosenprimeravuelta', '11deabril', 'votaxjorgemontoya', 'r1', 'renovaciÃ³npopular']",[],1376956609,1376956609,Alm_Montoya,Jorge Montoya ğŸ‡µğŸ‡ª,2,13,https://twitter.com/Alm_Montoya/status/1376970675722801153,[],['https://pbs.twimg.com/media/Exv7h4TWEAoJdSD.jpg'],1,https://pbs.twimg.com/media/Exv7h4TWEAoJdSD.jpg,False,296,7,78,,None,,,,,,,[],,,,,renovacion_popular
1376724594422321154,1376724594422321154,1617071696000.0,2021-03-29 21:34:56,-500,,"#DebatePresidencialJNE con un formato confuso, candidatos atacÃ¡ndose mutuamente, sin propuestas firmes y con moderadores haciendo preguntas a los candidatos, eso no es lo que esperan los ciudadanos. LÃ¡stima.",es,['debatepresidencialjne'],[],1376956609,1376956609,Alm_Montoya,Jorge Montoya ğŸ‡µğŸ‡ª,1,21,https://twitter.com/Alm_Montoya/status/1376724594422321154,[],[],0,,False,1287,114,365,,None,,,,,,,[],,,,,renovacion_popular
1376216655206961160,1376216655206961160,1616950594000.0,2021-03-28 11:56:34,-500,,"#TerrorismoNuncaMas Gobierno Encargado incapaz de lamentar lo sucedido, esto es imperdonable. ConfÃ­en en #RenovacionPopular que serÃ¡ frontal y contundente ante estos delincuentes terroristas.  https://t.co/yJUDWVzpkI",es,"['terrorismonuncamas', 'renovacionpopular']",[],1376956609,1376956609,Alm_Montoya,Jorge Montoya ğŸ‡µğŸ‡ª,7,11,https://twitter.com/Alm_Montoya/status/1376216655206961160,[],['https://pbs.twimg.com/media/ExlNUR3WYAEn8Qv.jpg'],1,https://pbs.twimg.com/media/ExlNUR3WYAEn8Qv.jpg,False,773,45,332,,None,,,,,,,[],,,,,renovacion_popular
1376141597251866625,1376141597251866625,1616932698000.0,2021-03-28 06:58:18,-500,,#GanamosEnPrimeraVuelta #11DeAbril #VotaXJorgeMontoya #R1 y Â¡Marca âŒ (R) #RenovaciÃ³nPopular - escribe âœï¸ el Nro. 1  https://t.co/LTYq77AWo7,es,"['ganamosenprimeravuelta', '11deabril', 'votaxjorgemontoya', 'r1', 'renovaciÃ³npopular']",[],1376956609,1376956609,Alm_Montoya,Jorge Montoya ğŸ‡µğŸ‡ª,7,6,https://twitter.com/Alm_Montoya/status/1376141597251866625,[],[],1,https://pbs.twimg.com/ext_tw_video_thumb/1376141500984201216/pu/img/nUSGQ9KFmQGZz-7Y.jpg,False,600,34,238,,None,,,,,,,[],,,,,renovacion_popular
1375495353529729033,1375495353529729033,1616778622000.0,2021-03-26 12:10:22,-500,,#GanamosEnPrimeraVuelta #11DeAbril #VotaXJorgeMontoya #R1 y Â¡Marca âŒ (R) #RenovaciÃ³nPopular - escribe âœï¸ el Nro. 1  https://t.co/XiRAjj2HRI,es,"['ganamosenprimeravuelta', '11deabril', 'votaxjorgemontoya', 'r1', 'renovaciÃ³npopular']",[],1376956609,1376956609,Alm_Montoya,Jorge Montoya ğŸ‡µğŸ‡ª,5,12,https://twitter.com/Alm_Montoya/status/1375495353529729033,[],[],1,https://pbs.twimg.com/ext_tw_video_thumb/1375495338061139968/pu/img/OEX6pUcOeaC_AU1_.jpg,False,281,19,108,,None,,,,,,,[],,,,,renovacion_popular
1375152983097413635,1375152983097413635,1616696994000.0,2021-03-25 13:29:54,-500,,"No somos perfectos, pero si nos reinventamos y nos adaptamos al cambio positivo.  #GanamosEnPrimeraVuelta #11DeAbril #VotaXJorgeMontoya #R1 y Â¡Marca âŒ (R) #RenovaciÃ³nPopular - escribe âœï¸ el Nro. 1  https://t.co/VRLrmQf151",es,"['ganamosenprimeravuelta', '11deabril', 'votaxjorgemontoya', 'r1', 'renovaciÃ³npopular']",[],1376956609,1376956609,Alm_Montoya,Jorge Montoya ğŸ‡µğŸ‡ª,4,13,https://twitter.com/Alm_Montoya/status/1375152983097413635,[],[],1,https://pbs.twimg.com/ext_tw_video_thumb/1375152838867836929/pu/img/YOZf-ruGz42Eh9Jq.jpg,False,528,27,180,,None,,,,,,,[],,,,,renovacion_popular
1374723614214340621,1374723614214340621,1616594625000.0,2021-03-24 09:03:45,-500,,"De la inseguridad Ciudadana nos encargamos, confÃ­a en nosotros. #GanamosEnPrimeraVuelta #11DeAbril #VotaXJorgeMontoya #R1 y Â¡Marca âŒ (R) #RenovaciÃ³nPopular - escribe âœï¸ el Nro. 1  https://t.co/dXEPBvJxoY",es,"['ganamosenprimeravuelta', '11deabril', 'votaxjorgemontoya', 'r1', 'renovaciÃ³npopular']",[],1376956609,1376956609,Alm_Montoya,Jorge Montoya ğŸ‡µğŸ‡ª,3,9,https://twitter.com/Alm_Montoya/status/1374723614214340621,[],[],1,https://pbs.twimg.com/ext_tw_video_thumb/1374723556081303552/pu/img/ie0drGG5oVbNeGcA.jpg,False,455,25,166,,None,,,,,,,[],,,,,renovacion_popular
1374341414763515912,1374341414763515912,1616503501000.0,2021-03-23 07:45:01,-500,,#GanamosEnPrimeraVuelta #11DeAbril #VotaXJorgeMontoya #R1 y Â¡Marca âŒ (R) #RenovaciÃ³nPopular - escribe âœï¸ el Nro. 1   https://t.co/BA5zx4aW2a,es,"['ganamosenprimeravuelta', '11deabril', 'votaxjorgemontoya', 'r1', 'renovaciÃ³npopular']",[],1376956609,1376956609,Alm_Montoya,Jorge Montoya ğŸ‡µğŸ‡ª,2,7,https://twitter.com/Alm_Montoya/status/1374341414763515912,['https://fb.watch/4pD5sWpu4L/'],[],0,,False,162,3,54,,None,,,,,,,[],,,,,renovacion_popular
1374341353207894021,1374341353207894021,1616503487000.0,2021-03-23 07:44:47,-500,,#GanamosEnPrimeraVuelta #11DeAbril #VotaXJorgeMontoya #R1 y Â¡Marca âŒ (R) #RenovaciÃ³nPopular - escribe âœï¸ el Nro. 1   https://t.co/W641qxV7Pk,es,"['ganamosenprimeravuelta', '11deabril', 'votaxjorgemontoya', 'r1', 'renovaciÃ³npopular']",[],1376956609,1376956609,Alm_Montoya,Jorge Montoya ğŸ‡µğŸ‡ª,2,7,https://twitter.com/Alm_Montoya/status/1374341353207894021,['https://fb.watch/4pD4x6Equg/'],[],0,,False,163,4,59,,None,,,,,,,[],,,,,renovacion_popular
1374341287734878208,1374341287734878208,1616503471000.0,2021-03-23 07:44:31,-500,,#GanamosEnPrimeraVuelta #11DeAbril #VotaXJorgeMontoya #R1 y Â¡Marca âŒ (R) #RenovaciÃ³nPopular - escribe âœï¸ el Nro. 1   https://t.co/dmzYkPnZ9t,es,"['ganamosenprimeravuelta', '11deabril', 'votaxjorgemontoya', 'r1', 'renovaciÃ³npopular']",[],1376956609,1376956609,Alm_Montoya,Jorge Montoya ğŸ‡µğŸ‡ª,2,7,https://twitter.com/Alm_Montoya/status/1374341287734878208,['https://fb.watch/4pD3BC9E_1/'],[],0,,False,136,3,41,,None,,,,,,,[],,,,,renovacion_popular
1373750767463596035,1373750767463596035,1616362680000.0,2021-03-21 16:38:00,-500,,#GanamosEnPrimeraVuelta #11DeAbril #VotaXJorgeMontoya #R1 y Â¡Marca âŒ (R) #RenovaciÃ³nPopular - escribe âœï¸ el Nro. 1  https://t.co/5kQAMPGpHQ,es,"['ganamosenprimeravuelta', '11deabril', 'votaxjorgemontoya', 'r1', 'renovaciÃ³npopular']",[],1376956609,1376956609,Alm_Montoya,Jorge Montoya ğŸ‡µğŸ‡ª,7,16,https://twitter.com/Alm_Montoya/status/1373750767463596035,[],[],1,https://pbs.twimg.com/ext_tw_video_thumb/1373750431105609733/pu/img/7Y-hhnK6q_XuNFrl.jpg,False,301,8,107,,None,,,,,,,[],,,,,renovacion_popular
1373289470095659017,1373289470095659017,1616252698000.0,2021-03-20 10:04:58,-500,,Los invito a que me acompaÃ±en en esta entrevista Domingo 21 Marzo 09:00 hrs. #PoliticayPoder #GanamosEnPrimeraVuelta #11DeAbril #VotaXJorgeMontoya #R1 y Â¡Marca âŒ (R) #RenovaciÃ³nPopular - escribe âœï¸ el Nro. 1  https://t.co/msimehlmbG,es,"['politicaypoder', 'ganamosenprimeravuelta', '11deabril', 'votaxjorgemontoya', 'r1', 'renovaciÃ³npopular']",[],1376956609,1376956609,Alm_Montoya,Jorge Montoya ğŸ‡µğŸ‡ª,6,10,https://twitter.com/Alm_Montoya/status/1373289470095659017,[],['https://pbs.twimg.com/media/Ew7nfnlXEAAXS4z.jpg'],1,https://pbs.twimg.com/media/Ew7nfnlXEAAXS4z.jpg,False,95,5,24,,None,,,,,,,[],,,,,renovacion_popular
1373253797682814984,1373253797682814984,1616244193000.0,2021-03-20 07:43:13,-500,,De la inseguridad Ciudadana nos encargamos confÃ­a en nosotros. . . . . . #GanaRenovaciÃ³nPopular #11DeAbril #VotaXJorgeMontoya #RenovaciÃ³nPopular #JorgeMontoya #AlmiranteJorgeMontoya   https://t.co/k1zbSDetFR,es,"['ganarenovaciÃ³npopular', '11deabril', 'votaxjorgemontoya', 'renovaciÃ³npopular', 'jorgemontoya', 'almirantejorgemontoya']",[],1376956609,1376956609,Alm_Montoya,Jorge Montoya ğŸ‡µğŸ‡ª,6,7,https://twitter.com/Alm_Montoya/status/1373253797682814984,['https://fb.watch/4lFR6DlOdN/'],[],0,,False,162,6,47,,None,,,,,,,[],,,,,renovacion_popular
1372927712575291394,1372927712575291394,1616166449000.0,2021-03-19 10:07:29,-500,,#GanamosEnPrimeraVuelta #11DeAbril #VotaXJorgeMontoya #R1 y Â¡Marca âŒ (R) #RenovaciÃ³nPopular - escribe âœï¸ el Nro. 1  https://t.co/ZWwRNVZrqT,es,"['ganamosenprimeravuelta', '11deabril', 'votaxjorgemontoya', 'r1', 'renovaciÃ³npopular']",[],1376956609,1376956609,Alm_Montoya,Jorge Montoya ğŸ‡µğŸ‡ª,5,10,https://twitter.com/Alm_Montoya/status/1372927712575291394,[],['https://pbs.twimg.com/media/Ew2eecVWUAIjVpI.jpg'],1,https://pbs.twimg.com/media/Ew2eecVWUAIjVpI.jpg,False,198,4,65,,None,,,,,,,[],,,,,renovacion_popular
1372773241723359233,1372773241723359233,1616129620000.0,2021-03-18 23:53:40,-500,, https://t.co/jfIqpXykDc,und,[],[],1376956609,1376956609,Alm_Montoya,Jorge Montoya ğŸ‡µğŸ‡ª,4,23,https://twitter.com/Alm_Montoya/status/1372773241723359233,[],['https://pbs.twimg.com/media/Ew0R-Z6VIAcuSkD.jpg'],1,https://pbs.twimg.com/media/Ew0R-Z6VIAcuSkD.jpg,False,114,0,20,,None,,,,,,,[],,,,,renovacion_popular
1372567296313602057,1372567296313602057,1616080519000.0,2021-03-18 10:15:19,-500,,#GanamosEnPrimeraVuelta #11DeAbril #VotaXJorgeMontoya #R1 y Â¡Marca âŒ (R) #RenovaciÃ³nPopular - escribe âœï¸ el Nro. 1  https://t.co/GVJbSG6fXT,es,"['ganamosenprimeravuelta', '11deabril', 'votaxjorgemontoya', 'r1', 'renovaciÃ³npopular']",[],1376956609,1376956609,Alm_Montoya,Jorge Montoya ğŸ‡µğŸ‡ª,4,10,https://twitter.com/Alm_Montoya/status/1372567296313602057,[],[],1,https://pbs.twimg.com/ext_tw_video_thumb/1372567210019979267/pu/img/9KIBueAxXZ71Yeet.jpg,False,200,6,88,,None,,,,,,,[],,,,,renovacion_popular
1372184760089518083,1372184760089518083,1615989315000.0,2021-03-17 08:55:15,-500,,#GanamosEnPrimeraVuelta #11DeAbril #VotaXJorgeMontoya #R1 y Â¡Marca âŒ (R) #RenovaciÃ³nPopular - escribe âœï¸ el Nro. 1  https://t.co/yplEzFF0g5,es,"['ganamosenprimeravuelta', '11deabril', 'votaxjorgemontoya', 'r1', 'renovaciÃ³npopular']",[],1376956609,1376956609,Alm_Montoya,Jorge Montoya ğŸ‡µğŸ‡ª,3,8,https://twitter.com/Alm_Montoya/status/1372184760089518083,[],[],1,https://pbs.twimg.com/ext_tw_video_thumb/1372183676767907846/pu/img/vKE919nzNH_tKOeJ.jpg,False,124,3,45,,None,,,,,,,[],,,,,renovacion_popular
1371480984751894533,1371480984751894533,1615821522000.0,2021-03-15 10:18:42,-500,,Los invito a que me acompaÃ±en en esta entrevista.   #GanamosEnPrimeraVuelta #11DeAbril #VotaXJorgeMontoya #R1 y Â¡Marca âŒ (R) #RenovaciÃ³nPopular - escribe âœï¸ el Nro. 1  https://t.co/FNVckkTyqQ,es,"['ganamosenprimeravuelta', '11deabril', 'votaxjorgemontoya', 'r1', 'renovaciÃ³npopular']",[],1376956609,1376956609,Alm_Montoya,Jorge Montoya ğŸ‡µğŸ‡ª,1,10,https://twitter.com/Alm_Montoya/status/1371480984751894533,[],['https://pbs.twimg.com/media/Ewh6r3hWgAIvkBv.jpg'],1,https://pbs.twimg.com/media/Ewh6r3hWgAIvkBv.jpg,False,171,6,38,,None,,,,,,,[],,,,,renovacion_popular
1371277585276080130,1371277585276080130,1615773028000.0,2021-03-14 20:50:28,-500,,Los invito a que me acompaÃ±en en esta entrevista.   #GanamosEnPrimeraVuelta #11DeAbril #VotaXJorgeMontoya #R1 y Â¡Marca âŒ (R) #RenovaciÃ³nPopular - escribe âœï¸ el Nro. 1,es,"['ganamosenprimeravuelta', '11deabril', 'votaxjorgemontoya', 'r1', 'renovaciÃ³npopular']",[],1376956609,1376956609,Alm_Montoya,Jorge Montoya ğŸ‡µğŸ‡ª,7,20,https://twitter.com/Alm_Montoya/status/1371277585276080130,[],[],0,,False,179,7,49,https://twitter.com/diariocorreo/status/1371244807125876738,None,,,,,,,[],,,,,renovacion_popular
1371227880756232193,1371227880756232193,1615761177000.0,2021-03-14 17:32:57,-500,,No mÃ¡s cuarentenas y toques de queda.  â–¶ Entrevista Completa:  https://t.co/ry5CAHFU0W #VotaXJorgeMontoya #R1  https://t.co/PHFW8BPi7T,es,"['votaxjorgemontoya', 'r1']",[],1376956609,1376956609,Alm_Montoya,Jorge Montoya ğŸ‡µğŸ‡ª,7,17,https://twitter.com/Alm_Montoya/status/1371227880756232193,['http://bit.ly/38D80Bc'],['https://pbs.twimg.com/media/EweUe2KWQAwBDH8.jpg'],1,https://pbs.twimg.com/media/EweUe2KWQAwBDH8.jpg,False,166,7,52,,None,,,,,,,[],,,,,renovacion_popular
1370489983371460611,1370489983371460611,1615585249000.0,2021-03-12 16:40:49,-500,,#GanamosEnPrimeraVuelta #11DeAbril #VotaXJorgeMontoya #R1 y Â¡Marca âŒ (R) #RenovaciÃ³nPopular - escribe âœï¸ el Nro. 1  https://t.co/z2qIyNQM1U,es,"['ganamosenprimeravuelta', '11deabril', 'votaxjorgemontoya', 'r1', 'renovaciÃ³npopular']",[],1376956609,1376956609,Alm_Montoya,Jorge Montoya ğŸ‡µğŸ‡ª,5,16,https://twitter.com/Alm_Montoya/status/1370489983371460611,[],['https://pbs.twimg.com/media/EwT1X6HWUAQLPOH.jpg'],1,https://pbs.twimg.com/media/EwT1X6HWUAQLPOH.jpg,False,215,14,93,,None,,,,,,,[],,,,,renovacion_popular
1370124719823986690,1370124719823986690,1615498163000.0,2021-03-11 16:29:23,-500,,#GanamosEnPrimeraVuelta #11DeAbril #VotaXJorgeMontoya #R1 Â¡Marca âŒ (R) #RenovaciÃ³nPopular - escribe âœï¸ el Nro. 1  https://t.co/eCcXfYDU28,es,"['ganamosenprimeravuelta', '11deabril', 'votaxjorgemontoya', 'r1', 'renovaciÃ³npopular']",[],1376956609,1376956609,Alm_Montoya,Jorge Montoya ğŸ‡µğŸ‡ª,4,16,https://twitter.com/Alm_Montoya/status/1370124719823986690,[],['https://pbs.twimg.com/media/EwOpKw4XIAAJXd1.jpg'],1,https://pbs.twimg.com/media/EwOpKw4XIAAJXd1.jpg,False,103,0,34,,None,,,,,,,[],,,,,renovacion_popular
1370007612939513860,1370007612939513860,1615470243000.0,2021-03-11 08:44:03,-500,,#GanamosEnPrimeraVuelta #11DeAbril #VotaXJorgeMontoya #R1 Â¡Marca âŒ (R) #RenovaciÃ³nPopular - escribe âœï¸ el Nro. 1  https://t.co/SNXZUzSgJT,es,"['ganamosenprimeravuelta', '11deabril', 'votaxjorgemontoya', 'r1', 'renovaciÃ³npopular']",[],1376956609,1376956609,Alm_Montoya,Jorge Montoya ğŸ‡µğŸ‡ª,4,8,https://twitter.com/Alm_Montoya/status/1370007612939513860,[],['https://pbs.twimg.com/media/EwM-qXlWQAAB8FO.jpg'],1,https://pbs.twimg.com/media/EwM-qXlWQAAB8FO.jpg,False,157,5,55,,None,,,,,,,[],,,,,renovacion_popular
1369763078179545093,1369763078179545093,1615411941000.0,2021-03-10 16:32:21,-500,,Los invito a que me acompaÃ±en en esta entrevista. #GanamosEnPrimeraVuelta #11DeAbril #VotaXJorgeMontoya #R1 Â¡Marca âŒ (R) #RenovaciÃ³nPopular - escribe âœï¸ el Nro. 1   https://t.co/nnYWdNhkB8,es,"['ganamosenprimeravuelta', '11deabril', 'votaxjorgemontoya', 'r1', 'renovaciÃ³npopular']",[],1376956609,1376956609,Alm_Montoya,Jorge Montoya ğŸ‡µğŸ‡ª,3,16,https://twitter.com/Alm_Montoya/status/1369763078179545093,['https://www.facebook.com/100002128608046/posts/3767982369949346/?d=n'],[],0,,False,194,4,56,,None,,,,,,,[],,,,,renovacion_popular
1369630008805888004,1369630008805888004,1615380215000.0,2021-03-10 07:43:35,-500,,#GanamosEnPrimeraVuelta #11DeAbril #VotaXJorgeMontoya #R1 Â¡Marca âŒ (R) #RenovaciÃ³nPopular - escribe âœï¸ el Nro. 1  https://t.co/3wb5SoDqQG,es,"['ganamosenprimeravuelta', '11deabril', 'votaxjorgemontoya', 'r1', 'renovaciÃ³npopular']",[],1376956609,1376956609,Alm_Montoya,Jorge Montoya ğŸ‡µğŸ‡ª,3,7,https://twitter.com/Alm_Montoya/status/1369630008805888004,[],['https://pbs.twimg.com/media/EwHnOztXcAQZONz.jpg'],1,https://pbs.twimg.com/media/EwHnOztXcAQZONz.jpg,False,173,9,59,,None,,,,,,,[],,,,,renovacion_popular
1369353965108944896,1369353965108944896,1615314401000.0,2021-03-09 13:26:41,-500,,#VotaXJorgeMontoya #R1 Â¡Marca âŒ (R) #RenovaciÃ³nPopular - escribe âœï¸ el Nro. 1  https://t.co/KT1yYzWOgQ,es,"['votaxjorgemontoya', 'r1', 'renovaciÃ³npopular']",[],1376956609,1376956609,Alm_Montoya,Jorge Montoya ğŸ‡µğŸ‡ª,2,13,https://twitter.com/Alm_Montoya/status/1369353965108944896,[],['https://pbs.twimg.com/media/EwDsK63WgAUWXx6.jpg'],1,https://pbs.twimg.com/media/EwDsK63WgAUWXx6.jpg,False,124,5,44,,None,,,,,,,[],,,,,renovacion_popular
1369103928055435274,1369103928055435274,1615254787000.0,2021-03-08 20:53:07,-500,,Los invito a que me acompaÃ±en en este Live en INSTAGRAM hoy 10:00 pm. En RPS   #VotaXJorgeMontoya #R1 Â¡Marca âŒ (R) #RenovaciÃ³nPopular - escribe âœï¸ el Nro. 1  https://t.co/Xw3RIpuGi2,es,"['votaxjorgemontoya', 'r1', 'renovaciÃ³npopular']",[],1376956609,1376956609,Alm_Montoya,Jorge Montoya ğŸ‡µğŸ‡ª,1,20,https://twitter.com/Alm_Montoya/status/1369103928055435274,[],['https://pbs.twimg.com/media/EwAIwTmWQAU4Uba.jpg'],1,https://pbs.twimg.com/media/EwAIwTmWQAU4Uba.jpg,False,61,1,20,,None,,,,,,,[],,,,,renovacion_popular
1369075540695670786,1369009939042164748,1615248019000.0,2021-03-08 19:00:19,-500,,@runner959 Gracias. El Doctor no estÃ¡ en la lista al Congreso. Es un colaborador.,es,[],[],1376956609,1376956609,Alm_Montoya,Jorge Montoya ğŸ‡µğŸ‡ª,1,19,https://twitter.com/Alm_Montoya/status/1369075540695670786,[],[],0,,False,0,1,0,,None,,,,,,,"[{'screen_name': 'runner959', 'name': 'carlos', 'id': '141080852'}]",,,,,renovacion_popular
1369009939042164748,1369009939042164748,1615232379000.0,2021-03-08 14:39:39,-500,,Mis mÃ¡s sincero respeto y admiraciÃ³n a todas las mujeres peruanas ğŸ‡µğŸ‡ª #FelizDÃ­aInternacionalDeLaMujer  https://t.co/kUaT4rk2aR,es,['felizdÃ­ainternacionaldelamujer'],[],1376956609,1376956609,Alm_Montoya,Jorge Montoya ğŸ‡µğŸ‡ª,1,14,https://twitter.com/Alm_Montoya/status/1369009939042164748,[],[],1,https://pbs.twimg.com/ext_tw_video_thumb/1369009435444645888/pu/img/w0qSNuqH_U2T0SQy.jpg,False,244,10,59,,None,,,,,,,[],,,,,renovacion_popular
1368730004612349952,1368730004612349952,1615165637000.0,2021-03-07 20:07:17,-500,,ğŸš¨COMUNICADO URGENTEğŸš¨ Este es un mensaje aclarando la posiciÃ³n de RenovaciÃ³n Popular sobre el futuro de nuestro sistema pensionario en las FFAA y PNP  https://t.co/ouLbjd4IDw,es,[],[],1376956609,1376956609,Alm_Montoya,Jorge Montoya ğŸ‡µğŸ‡ª,7,20,https://twitter.com/Alm_Montoya/status/1368730004612349952,[],[],1,https://pbs.twimg.com/ext_tw_video_thumb/1368729886379106306/pu/img/tFfgjTb0bHRIsLN5.jpg,False,251,8,96,,None,,,,,,,[],,,,,renovacion_popular
1368624622552424456,1368624622552424456,1615140512000.0,2021-03-07 13:08:32,-500,,Los dos gobiernos que tuvimos no nos aseguraron las vacunas. Â¿Por quÃ© negarle al privado ayudar?  â–¶ Entrevista Completa:  https://t.co/FAKe6luDGZ #VotaXJorgeMontoya #R1,es,"['votaxjorgemontoya', 'r1']",[],1376956609,1376956609,Alm_Montoya,Jorge Montoya ğŸ‡µğŸ‡ª,7,13,https://twitter.com/Alm_Montoya/status/1368624622552424456,['http://bit.ly/3eh1vry'],[],0,,False,144,3,39,,None,,,,,,,[],,,,,renovacion_popular
1368586431426355205,1368586431426355205,1615131407000.0,2021-03-07 10:36:47,-500,,#VotaXJorgeMontoya #R1 Â¡Marca âŒ (R) #RenovaciÃ³nPopular - escribe âœï¸ el Nro. 1  https://t.co/FvxXrLouRH,es,"['votaxjorgemontoya', 'r1', 'renovaciÃ³npopular']",[],1376956609,1376956609,Alm_Montoya,Jorge Montoya ğŸ‡µğŸ‡ª,7,10,https://twitter.com/Alm_Montoya/status/1368586431426355205,[],['https://pbs.twimg.com/media/Ev4yGn3WYAQQ2rx.jpg'],1,https://pbs.twimg.com/media/Ev4yGn3WYAQQ2rx.jpg,False,100,1,31,,None,,,,,,,[],,,,,renovacion_popular
1368524376212180993,1368524376212180993,1615116611000.0,2021-03-07 06:30:11,-500,,Los invito a ver mi entrevista en Cara a Cara por Tv PerÃº  #VotaXJorgeMontoya #R1 Â¡Marca âŒ (R) #RenovaciÃ³nPopular - escribe âœï¸ el Nro. 1    https://t.co/plWAmhO3oK,es,"['votaxjorgemontoya', 'r1', 'renovaciÃ³npopular']",[],1376956609,1376956609,Alm_Montoya,Jorge Montoya ğŸ‡µğŸ‡ª,7,6,https://twitter.com/Alm_Montoya/status/1368524376212180993,['https://youtu.be/CqDjGsiulFQ'],[],0,,False,38,0,12,,None,,,,,,,[],,,,,renovacion_popular
1368256187846828037,1368256187846828037,1615052670000.0,2021-03-06 12:44:30,-500,,Sigan mis entrevistas suscribiÃ©ndose en mi canal. Este 11 de Abril Ganamos en primera vuelta. Viva el PerÃº ğŸ‡µğŸ‡ª #VotaXJorgeMontoya #R1 Â¡Marca âŒ (R) #RenovaciÃ³nPopular - escribe âœï¸ el Nro. 1 Jorge Carlos Montoya Manrique  https://t.co/6euNJ68loP vÃ­a @YouTube,es,"['votaxjorgemontoya', 'r1', 'renovaciÃ³npopular']",[],1376956609,1376956609,Alm_Montoya,Jorge Montoya ğŸ‡µğŸ‡ª,6,12,https://twitter.com/Alm_Montoya/status/1368256187846828037,['https://youtube.com/channel/UCrst3bpKeu7LEbKOj70gsyQ'],[],0,,False,67,5,17,,None,,,,,,,[],,,,,renovacion_popular
1368004815729664000,1368004815729664000,1614992739000.0,2021-03-05 20:05:39,-500,,#VotaXJorgeMontoya #R1 Â¡Marca âŒ (R) #RenovaciÃ³nPopular - escribe âœï¸ el Nro. 1  https://t.co/ceE7Bb1kB8,es,"['votaxjorgemontoya', 'r1', 'renovaciÃ³npopular']",[],1376956609,1376956609,Alm_Montoya,Jorge Montoya ğŸ‡µğŸ‡ª,5,20,https://twitter.com/Alm_Montoya/status/1368004815729664000,[],[],1,https://pbs.twimg.com/ext_tw_video_thumb/1368004777435598849/pu/img/_tL80b1FYPSqYR2W.jpg,False,68,6,23,,None,,,,,,,[],,,,,renovacion_popular
1368003583078260737,1368003583078260737,1614992445000.0,2021-03-05 20:00:45,-500,,"Si somos elegidos, en 6 meses terminaremos con el terrorismo.  â–¶ Entrevista Completa:  https://t.co/JkSkl9oAKB #VotaXJorgeMontoya #R1",es,"['votaxjorgemontoya', 'r1']",[],1376956609,1376956609,Alm_Montoya,Jorge Montoya ğŸ‡µğŸ‡ª,5,20,https://twitter.com/Alm_Montoya/status/1368003583078260737,['http://bit.ly/3sIS3RE'],[],0,,False,132,10,46,,None,,,,,,,[],,,,,renovacion_popular
1367846172212215809,1367846172212215809,1614954915000.0,2021-03-05 09:35:15,-500,,Podemos apreciar a lo largo de estos Ãºltimos 4 meses cuÃ¡les fueron realmente las perversas intenciones de evitar que un demÃ³crata tome el cargo de Presidente transitorio y por presiÃ³n mediÃ¡tica y extremistas colocar a un comunista.,es,[],[],1376956609,1376956609,Alm_Montoya,Jorge Montoya ğŸ‡µğŸ‡ª,5,9,https://twitter.com/Alm_Montoya/status/1367846172212215809,[],[],0,,False,250,10,95,,None,,,,,,,[],,,,,renovacion_popular
1367698572821618688,1367698572821618688,1614919725000.0,2021-03-04 23:48:45,-500,,"Pretender confundir a la poblaciÃ³n ostentando el cargo transitorio de Jefe de Estado diciendo: ""En este momento no hay compradores privados de vacunas, lo que existen son estafadores"" es tan maquiavÃ©lico como el comunismo que el representa.",es,[],[],1376956609,1376956609,Alm_Montoya,Jorge Montoya ğŸ‡µğŸ‡ª,4,23,https://twitter.com/Alm_Montoya/status/1367698572821618688,[],[],0,,False,1119,23,371,,None,,,,,,,[],,,,,renovacion_popular
1367675204030324737,1367675204030324737,1614914153000.0,2021-03-04 22:15:53,-500,,Proponemos Hambre Cero. Los voluntarios serÃ¡n clave para realizarlo.  â–¶ Entrevista Completa:  https://t.co/fN0OH5GFRL #VotaXJorgeMontoya #R1  https://t.co/p7KGtzrC10,es,"['votaxjorgemontoya', 'r1']",[],1376956609,1376956609,Alm_Montoya,Jorge Montoya ğŸ‡µğŸ‡ª,4,22,https://twitter.com/Alm_Montoya/status/1367675204030324737,['http://bit.ly/3bJ6iPA'],[],1,https://pbs.twimg.com/ext_tw_video_thumb/1367675078306127875/pu/img/eUgx4rXGbkmMCyT7.jpg,False,137,0,47,,None,,,,,,,[],,,,,renovacion_popular
1367646699804635139,1367646699804635139,1614907357000.0,2021-03-04 20:22:37,-500,,#VotaXJorgeMontoya #R1 Â¡Marca âŒ (R) #RenovaciÃ³nPopular - escribe âœï¸ el Nro. 1  https://t.co/Y878w2bbiR,es,"['votaxjorgemontoya', 'r1', 'renovaciÃ³npopular']",[],1376956609,1376956609,Alm_Montoya,Jorge Montoya ğŸ‡µğŸ‡ª,4,20,https://twitter.com/Alm_Montoya/status/1367646699804635139,[],['https://pbs.twimg.com/media/Evrba6UWQAEwr8g.jpg'],1,https://pbs.twimg.com/media/Evrba6UWQAEwr8g.jpg,False,66,0,22,,None,,,,,,,[],,,,,renovacion_popular
1367646010198155271,1367646010198155271,1614907193000.0,2021-03-04 20:19:53,-500,,"ğŸ”´ Almirante (r) Jorge Montoya, candidato a la segunda vicepresidencia por RenovaciÃ³n Popular: Lo poco que queda por hacer con el terrorismo, en seis meses lo acabamos. El tema del narcotrÃ¡fico es mucho mÃ¡s serio en el VRAEM. Entrevista completa ğŸ‘‰  https://t.co/4NBbjktFNr",es,[],[],1376956609,1376956609,Alm_Montoya,Jorge Montoya ğŸ‡µğŸ‡ª,4,20,https://twitter.com/Alm_Montoya/status/1367646010198155271,['https://bit.ly/3uTkw9a'],[],0,,False,181,5,60,,None,,,,,,,[],,,,,renovacion_popular
1367259586160439300,1367259586160439300,1614815062000.0,2021-03-03 18:44:22,-500,,"ğŸš¨âœ… #ATENCIÃ“N Hoy en #DiÃ¡logoySoluciones no te pierdas una entrevista exclusiva con el @Alm_Montoya, candidato al @congresoperu por el partido #RenovaciÃ³nPopular. La cita es hoy a las 10:00 p.m. por la multiplataforma de @ucinoticias_pe @Renovacion_Peru  https://t.co/2zIJoKc5I6",es,"['atenciÃ³n', 'diÃ¡logoysoluciones', 'renovaciÃ³npopular']",[],1376956609,1376956609,Alm_Montoya,Jorge Montoya ğŸ‡µğŸ‡ª,3,18,https://twitter.com/Alm_Montoya/status/1367259586160439300,[],['https://pbs.twimg.com/media/Evl7U66XYAIQS6k.jpg'],1,https://pbs.twimg.com/media/Evl7U66XYAIQS6k.jpg,False,44,4,11,,None,,,,,,,[],,,,,renovacion_popular
1367256774580072448,1367256774580072448,1614814392000.0,2021-03-03 18:33:12,-500,,#VotaXJorgeMontoya #R1 Â¡Marca âŒ (R) #RenovaciÃ³nPopular - escribe âœï¸ el Nro. 1  https://t.co/1weMSFGxEY,es,"['votaxjorgemontoya', 'r1', 'renovaciÃ³npopular']",[],1376956609,1376956609,Alm_Montoya,Jorge Montoya ğŸ‡µğŸ‡ª,3,18,https://twitter.com/Alm_Montoya/status/1367256774580072448,[],['https://pbs.twimg.com/media/Evl4yAjWgAM1NGm.jpg'],1,https://pbs.twimg.com/media/Evl4yAjWgAM1NGm.jpg,False,114,2,42,,None,,,,,,,[],,,,,renovacion_popular
1367175863637319688,1367165464321937414,1614795101000.0,2021-03-03 13:11:41,-500,,"@maliux Este miÃ©rcoles 3 - programa Candidat@s a la Carta- Elecciones 2021, contaremos con la participaciÃ³n de Jorge Montoya Manrique, candidato al Congreso de la RepÃºblica por Lima. Sigue esta transmisiÃ³n en nuestra pagina oficial. Te esperamos  https://t.co/Ry3J5RXx2f",es,[],[],1376956609,1376956609,Alm_Montoya,Jorge Montoya ğŸ‡µğŸ‡ª,3,13,https://twitter.com/Alm_Montoya/status/1367175863637319688,['https://www.facebook.com/aicipoficial'],[],0,,False,1,0,0,,None,,,,,,,"[{'screen_name': 'maliux', 'name': 'Malu ğŸ¦„ ğŸ’‰\U0001f9a0', 'id': '7481332'}]",,,,,renovacion_popular
1367165464321937414,1367165464321937414,1614792622000.0,2021-03-03 12:30:22,-500,,AcompÃ¡Ã±enme a esta entrevista hoy 5:30 pm #VotaXJorgeMontoya #R1 Â¡Marca âŒ (R) #RenovaciÃ³nPopular - escribe âœï¸ el Nro. 1  https://t.co/1CEVnR87ch,es,"['votaxjorgemontoya', 'r1', 'renovaciÃ³npopular']",[],1376956609,1376956609,Alm_Montoya,Jorge Montoya ğŸ‡µğŸ‡ª,3,12,https://twitter.com/Alm_Montoya/status/1367165464321937414,[],['https://pbs.twimg.com/media/Evklu-aXcAAqED5.jpg'],1,https://pbs.twimg.com/media/Evklu-aXcAAqED5.jpg,False,107,3,36,,None,,,,,,,[],,,,,renovacion_popular
1366906619125186566,1366906619125186566,1614730908000.0,2021-03-02 19:21:48,-500,,Que fÃ¡cil es decir que: â€œlo que no queremos es que el que tiene plata se vacune y el que no tiene plata no se vacuneâ€ cuando tÃº ya estÃ¡s vacunado. IdeologÃ­a perversa comunista. #VotemosConLaRazÃ³n #VotaXJorgeMontoya #R1 Â¡Marca âŒ (R) #RenovaciÃ³nPopular - escribe âœï¸ el Nro. 1,es,"['votemosconlarazÃ³n', 'votaxjorgemontoya', 'r1', 'renovaciÃ³npopular']",[],1376956609,1376956609,Alm_Montoya,Jorge Montoya ğŸ‡µğŸ‡ª,2,19,https://twitter.com/Alm_Montoya/status/1366906619125186566,[],[],0,,False,275,5,101,,None,,,,,,,[],,,,,renovacion_popular
1366555873355702275,1366555873355702275,1614647284000.0,2021-03-01 20:08:04,-500,,#VotaXJorgeMontoya #R1 Â¡Marca âŒ (R) #RenovaciÃ³nPopular - escribe âœï¸ el Nro. 1  https://t.co/NShUHX8kms,es,"['votaxjorgemontoya', 'r1', 'renovaciÃ³npopular']",[],1376956609,1376956609,Alm_Montoya,Jorge Montoya ğŸ‡µğŸ‡ª,1,20,https://twitter.com/Alm_Montoya/status/1366555873355702275,[],['https://pbs.twimg.com/media/Evb7UOaWQAAnGdg.jpg'],1,https://pbs.twimg.com/media/Evb7UOaWQAAnGdg.jpg,False,163,4,50,,None,,,,,,,[],,,,,renovacion_popular
1366467253651316744,1366467253651316744,1614626155000.0,2021-03-01 14:15:55,-500,,#VotaXJorgeMontoya #R1 Â¡Marca âŒ (R) #RenovaciÃ³nPopular - escribe âœï¸ el Nro. 1  Almirante Jorge Montoya | Entrevista en #Radiocanalidentidad con RubÃ©n T...  https://t.co/HUG19lXyTc vÃ­a @YouTube,es,"['votaxjorgemontoya', 'r1', 'renovaciÃ³npopular', 'radiocanalidentidad']",[],1376956609,1376956609,Alm_Montoya,Jorge Montoya ğŸ‡µğŸ‡ª,1,14,https://twitter.com/Alm_Montoya/status/1366467253651316744,['https://youtu.be/f-3DEWL-qQ4'],[],0,,False,64,2,16,,None,,,,,,,[],,,,,renovacion_popular
1366163322182238210,1366163322182238210,1614553692000.0,2021-02-28 18:08:12,-500,,#VotaXJorgeMontoya #R1 Â¡Marca âŒ (R) #RenovaciÃ³nPopular - escribe âœï¸ el Nro. 1   https://t.co/jjIuEgulyq,es,"['votaxjorgemontoya', 'r1', 'renovaciÃ³npopular']",[],1376956609,1376956609,Alm_Montoya,Jorge Montoya ğŸ‡µğŸ‡ª,7,18,https://twitter.com/Alm_Montoya/status/1366163322182238210,['https://www.facebook.com/109939959032422/posts/4500002376692803/?d=n'],[],0,,False,134,6,41,,None,,,,,,,[],,,,,renovacion_popular
1366018738663936002,1366018738663936002,1614519221000.0,2021-02-28 08:33:41,-500,,#VotaXJorgeMontoya #R1 Â¡Marca âŒ (R) #RenovaciÃ³nPopular - escribe âœï¸ el Nro. 1  https://t.co/6268645tTS,es,"['votaxjorgemontoya', 'r1', 'renovaciÃ³npopular']",[],1376956609,1376956609,Alm_Montoya,Jorge Montoya ğŸ‡µğŸ‡ª,7,8,https://twitter.com/Alm_Montoya/status/1366018738663936002,[],['https://pbs.twimg.com/media/EvUSy1VWgAAea7v.jpg'],1,https://pbs.twimg.com/media/EvUSy1VWgAAea7v.jpg,False,168,10,63,,None,,,,,,,[],,,,,renovacion_popular
1365787446575783943,1365787446575783943,1614464077000.0,2021-02-27 17:14:37,-500,,#VotaXJorgeMontoya #R1  https://t.co/NXmeSa4fkG,und,"['votaxjorgemontoya', 'r1']",[],1376956609,1376956609,Alm_Montoya,Jorge Montoya ğŸ‡µğŸ‡ª,6,17,https://twitter.com/Alm_Montoya/status/1365787446575783943,[],['https://pbs.twimg.com/media/EvRAcHTWgAwTw_F.jpg'],1,https://pbs.twimg.com/media/EvRAcHTWgAwTw_F.jpg,False,195,6,71,,None,,,,,,,[],,,,,renovacion_popular
1365778072683880449,1365778072683880449,1614461842000.0,2021-02-27 16:37:22,-500,,"La corrupciÃ³n debe ser erradicada de raÃ­z, ya basta de abusos.  â–¶ Entrevista Completa:  https://t.co/fN0OH5GFRL #VotaXJorgeMontoya #R1  https://t.co/D6kpUe8COp",es,"['votaxjorgemontoya', 'r1']",[],1376956609,1376956609,Alm_Montoya,Jorge Montoya ğŸ‡µğŸ‡ª,6,16,https://twitter.com/Alm_Montoya/status/1365778072683880449,['http://bit.ly/3bJ6iPA'],['https://pbs.twimg.com/media/EvQ36kJXEAAIewd.jpg'],1,https://pbs.twimg.com/media/EvQ36kJXEAAIewd.jpg,False,239,9,75,,None,,,,,,,[],,,,,renovacion_popular
1364610713382182912,1364610713382182912,1614183521000.0,2021-02-24 11:18:41,-500,,#VotaXJorgeMontoya #R1  https://t.co/ttos3fgqpw,und,"['votaxjorgemontoya', 'r1']",[],1376956609,1376956609,Alm_Montoya,Jorge Montoya ğŸ‡µğŸ‡ª,3,11,https://twitter.com/Alm_Montoya/status/1364610713382182912,[],['https://pbs.twimg.com/media/EvASNRRXEAUDOLu.jpg'],1,https://pbs.twimg.com/media/EvASNRRXEAUDOLu.jpg,False,128,4,37,,None,,,,,,,[],,,,,renovacion_popular
1364044950804066310,1364044950804066310,1614048633000.0,2021-02-22 21:50:33,-500,,"#VotemosConRazÃ³n no con emociÃ³n. El PerÃº ğŸ‡µğŸ‡ªnos necesita, seamos juiciosos y responsables en elegir a nuestro prÃ³ximo Presidente y Congresistas.",es,['votemosconrazÃ³n'],[],1376956609,1376956609,Alm_Montoya,Jorge Montoya ğŸ‡µğŸ‡ª,1,21,https://twitter.com/Alm_Montoya/status/1364044950804066310,[],[],0,,False,318,8,70,,None,,,,,,,[],,,,,renovacion_popular
1363521786961403904,1363521786961403904,1613923901000.0,2021-02-21 11:11:41,-500,,Los invito a que me acompaÃ±en hoy en Canal e - 8pm.    https://t.co/atCx8AxZ4m  https://t.co/ZSthb33tP8,es,[],[],1376956609,1376956609,Alm_Montoya,Jorge Montoya ğŸ‡µğŸ‡ª,7,11,https://twitter.com/Alm_Montoya/status/1363521786961403904,['https://www.facebook.com/398643387376825/posts/882041219037037/'],['https://pbs.twimg.com/media/Euwz1bCXUAs77sK.jpg'],1,https://pbs.twimg.com/media/Euwz1bCXUAs77sK.jpg,False,118,1,31,,None,,,,,,,[],,,,,renovacion_popular
1363481951890530315,1363481951890530315,1613914404000.0,2021-02-21 08:33:24,-500,,Los invito a que me acompaÃ±en en mi entrevista.  https://t.co/ehzI60VVxN  https://t.co/Y0X4ozXJZ4,es,[],[],1376956609,1376956609,Alm_Montoya,Jorge Montoya ğŸ‡µğŸ‡ª,7,8,https://twitter.com/Alm_Montoya/status/1363481951890530315,['https://www.facebook.com/radiodelsur91.5fm/videos/3761817760574631/'],['https://pbs.twimg.com/media/EuwPmt5XEAASUEm.jpg'],1,https://pbs.twimg.com/media/EuwPmt5XEAASUEm.jpg,False,88,2,30,,None,,,,,,,[],,,,,renovacion_popular
1363300099435151360,1363300099435151360,1613871047000.0,2021-02-20 20:30:47,-500,,"Estimado Dr. #LuisBedoyaReyes, en el dÃ­a de su onomÃ¡stico, aprovecho la oportunidad para reconocer su aporte de honestidad, profesionalismo y decencia  a la polÃ­tica nacional, dejando un ejemplo digno de seguir por nuestros jÃ³venes que ingresan a participar en polÃ­tica.",es,['luisbedoyareyes'],[],1376956609,1376956609,Alm_Montoya,Jorge Montoya ğŸ‡µğŸ‡ª,6,20,https://twitter.com/Alm_Montoya/status/1363300099435151360,[],[],0,,False,227,4,49,,None,,,,,,,[],,,,,renovacion_popular
1362482973208109056,1362482973208109056,1613676229000.0,2021-02-18 14:23:49,-500,,Todos tenemos derecho a tener acceso a los servicios pÃºblicos esenciales. â–¶ Entrevista Completa:  https://t.co/tAFaIUpDf5 #VotaXJorgeMontoya #R1  https://t.co/2HhGwoTmAX,es,"['votaxjorgemontoya', 'r1']",[],1376956609,1376956609,Alm_Montoya,Jorge Montoya ğŸ‡µğŸ‡ª,4,14,https://twitter.com/Alm_Montoya/status/1362482973208109056,['http://bit.ly/2Zry4u0'],[],1,https://pbs.twimg.com/ext_tw_video_thumb/1362482878639136772/pu/img/s0RIWT0PDwqSoDBf.jpg,False,121,5,34,,None,,,,,,,[],,,,,renovacion_popular
1362189412076032001,1362189412076032001,1613606238000.0,2021-02-17 18:57:18,-500,,#VotaXJorgeMontoya #R1  https://t.co/2xOUucDwOv,und,"['votaxjorgemontoya', 'r1']",[],1376956609,1376956609,Alm_Montoya,Jorge Montoya ğŸ‡µğŸ‡ª,3,18,https://twitter.com/Alm_Montoya/status/1362189412076032001,[],['https://pbs.twimg.com/media/Eud4C1mVcAI71fu.jpg'],1,https://pbs.twimg.com/media/Eud4C1mVcAI71fu.jpg,False,241,12,69,,None,,,,,,,[],,,,,renovacion_popular
1361146437455773702,1361146437455773702,1613357574000.0,2021-02-14 21:52:54,-500,,#SinEscrupulos altos funcionarios del #GobiernoVacado y el actual #GobiernoEncargado vacunÃ¡ndose abusando de su efÃ­mero poder sÃ³lo confirma la clase de personas que nos gobiernan. Abran los ojos este 11 de abril y elijamos bien. #VotaXJorgeMontoya #R1,es,"['sinescrupulos', 'gobiernovacado', 'gobiernoencargado', 'votaxjorgemontoya', 'r1']",[],1376956609,1376956609,Alm_Montoya,Jorge Montoya ğŸ‡µğŸ‡ª,7,21,https://twitter.com/Alm_Montoya/status/1361146437455773702,[],[],0,,False,245,6,86,,None,,,,,,,[],,,,,renovacion_popular
1360337130963275779,1360337130963275779,1613164620000.0,2021-02-12 16:17:00,-500,,Crearemos un mejor sistema pensionario para las FF.AA y la PNP.  #VotaXJorgeMontoya #R1  https://t.co/orIe9OpJFe,es,"['votaxjorgemontoya', 'r1']",[],1376956609,1376956609,Alm_Montoya,Jorge Montoya ğŸ‡µğŸ‡ª,5,16,https://twitter.com/Alm_Montoya/status/1360337130963275779,[],[],1,https://pbs.twimg.com/ext_tw_video_thumb/1360337044979998724/pu/img/wLVSNnSmOqZhKuT3.jpg,False,256,7,75,,None,,,,,,,[],,,,,renovacion_popular
1360068317239783425,1360068317239783425,1613100530000.0,2021-02-11 22:28:50,-500,,"La responsabilidad de los peruanos es no votar por un incapaz moral permanente, y si lo hacen serÃ¡n cÃ³mplices de EL",es,[],[],1376956609,1376956609,Alm_Montoya,Jorge Montoya ğŸ‡µğŸ‡ª,4,22,https://twitter.com/Alm_Montoya/status/1360068317239783425,[],[],0,,False,354,8,112,,None,,,,,,,[],,,,,renovacion_popular
1359713013239083011,1359706164464934912,1613015819000.0,2021-02-10 22:56:59,-500,,@MoisesPiscoya @sodisperu Cuenta con RenovaciÃ³n Nacional estamos para servirlos,es,[],[],1376956609,1376956609,Alm_Montoya,Jorge Montoya ğŸ‡µğŸ‡ª,3,22,https://twitter.com/Alm_Montoya/status/1359713013239083011,[],[],0,,False,3,2,0,,None,,,,,,,"[{'screen_name': 'MoisesPiscoya', 'name': 'MoisÃ©s Piscoya', 'id': '313054671'}, {'screen_name': 'sodisperu', 'name': 'Sodis', 'id': '335713575'}]",,,,,renovacion_popular
1359660103738228738,1359660103738228738,1613003204000.0,2021-02-10 19:26:44,-500,,â–¶ Entrevista Completa:  https://t.co/Hb7msy07wB #VotaXJorgeMontoya #R1  https://t.co/Q1afMokI3k,es,"['votaxjorgemontoya', 'r1']",[],1376956609,1376956609,Alm_Montoya,Jorge Montoya ğŸ‡µğŸ‡ª,3,19,https://twitter.com/Alm_Montoya/status/1359660103738228738,['http://bit.ly/3a5LPF1'],['https://pbs.twimg.com/media/Et57pvCXIAAVF2n.jpg'],1,https://pbs.twimg.com/media/Et57pvCXIAAVF2n.jpg,False,59,3,23,,None,,,,,,,[],,,,,renovacion_popular
1359603971439140864,1359603971439140864,1612989821000.0,2021-02-10 15:43:41,-500,,Los malos elementos deben ser inmediatamente expulsados. â–¶ Entrevista Completa:  https://t.co/Hb7msy07wB #VotaXJorgeMontoya #R1  https://t.co/ftKf6QL1ft,es,"['votaxjorgemontoya', 'r1']",[],1376956609,1376956609,Alm_Montoya,Jorge Montoya ğŸ‡µğŸ‡ª,3,15,https://twitter.com/Alm_Montoya/status/1359603971439140864,['http://bit.ly/3a5LPF1'],[],1,https://pbs.twimg.com/ext_tw_video_thumb/1359603888161247237/pu/img/B8Uc7hrYy9SEXVDu.jpg,False,73,7,25,,None,,,,,,,[],,,,,renovacion_popular
1359349841101533184,1359349841101533184,1612929232000.0,2021-02-09 22:53:52,-500,,Absolutamente deplorable la decisiÃ³n del @JNE_Peru no solo confirman la corrupciÃ³n enquistada en ella sino la falta de valores y Ã©tica que manchan dicha instituciÃ³n. Esto va a cambiar con @Renovacion_Peru #VotaXJorgeMontoya #R1,es,"['votaxjorgemontoya', 'r1']",[],1376956609,1376956609,Alm_Montoya,Jorge Montoya ğŸ‡µğŸ‡ª,2,22,https://twitter.com/Alm_Montoya/status/1359349841101533184,[],[],0,,False,336,8,127,,None,,,,,,,[],,,,,renovacion_popular
1359306319799418880,1359306319799418880,1612918855000.0,2021-02-09 20:00:55,-500,,Empezamos en breve. AcompÃ¡Ã±enme.  #VotaXJorgeMontoya #R1           https://t.co/1d17RfYsqL,es,"['votaxjorgemontoya', 'r1']",[],1376956609,1376956609,Alm_Montoya,Jorge Montoya ğŸ‡µğŸ‡ª,2,20,https://twitter.com/Alm_Montoya/status/1359306319799418880,['https://fb.watch/3yWqFF9UZ8/'],[],0,,False,12,0,1,,None,,,,,,,[],,,,,renovacion_popular
1359265771583602690,1359265771583602690,1612909188000.0,2021-02-09 17:19:48,-500,,Hoy a las 7.30 p.m estarÃ© en Digital TV Noticias dando a conocer mis propuestas e ideas.  #VotaXJorgeMontoya #R1  https://t.co/vqclgEXDH4,es,"['votaxjorgemontoya', 'r1']",[],1376956609,1376956609,Alm_Montoya,Jorge Montoya ğŸ‡µğŸ‡ª,2,17,https://twitter.com/Alm_Montoya/status/1359265771583602690,[],['https://pbs.twimg.com/media/Et0VA3EXMAEHilC.jpg'],1,https://pbs.twimg.com/media/Et0VA3EXMAEHilC.jpg,False,22,0,11,,None,,,,,,,[],,,,,renovacion_popular
1359250422452654082,1359250422452654082,1612905529000.0,2021-02-09 16:18:49,-500,,Los invito a que me acompaÃ±en Hoy a las 8pm. #VotaXJorgeMontoya #R1  https://t.co/53piGdXzR2,es,"['votaxjorgemontoya', 'r1']",[],1376956609,1376956609,Alm_Montoya,Jorge Montoya ğŸ‡µğŸ‡ª,2,16,https://twitter.com/Alm_Montoya/status/1359250422452654082,[],['https://pbs.twimg.com/media/Et0HDeoWYAYzgp7.jpg'],1,https://pbs.twimg.com/media/Et0HDeoWYAYzgp7.jpg,False,42,0,13,,None,,,,,,,[],,,,,renovacion_popular
1359185598687420417,1359185598687420417,1612890073000.0,2021-02-09 12:01:13,-500,,Nuestros hÃ©roes merecen lo mejor  #VotaXJorgeMontoya #R1  https://t.co/4s3YJlF7F8,es,"['votaxjorgemontoya', 'r1']",[],1376956609,1376956609,Alm_Montoya,Jorge Montoya ğŸ‡µğŸ‡ª,2,12,https://twitter.com/Alm_Montoya/status/1359185598687420417,[],['https://pbs.twimg.com/media/EtzMGP0XAAEAP_P.jpg'],1,https://pbs.twimg.com/media/EtzMGP0XAAEAP_P.jpg,False,16,0,4,,None,,,,,,,[],,,,,renovacion_popular
1358879718850846721,1358879718850846721,1612817146000.0,2021-02-08 15:45:46,-500,,Comparto con ustedes la invitaciÃ³n al debate de hoy por la noche 8pm. #VotaXJorgeMontoya #R1  https://t.co/zs9tA93XA0,es,"['votaxjorgemontoya', 'r1']",[],1376956609,1376956609,Alm_Montoya,Jorge Montoya ğŸ‡µğŸ‡ª,1,15,https://twitter.com/Alm_Montoya/status/1358879718850846721,[],['https://pbs.twimg.com/media/Etu15ieXAAcQqrG.jpg'],1,https://pbs.twimg.com/media/Etu15ieXAAcQqrG.jpg,False,97,7,33,,None,,,,,,,[],,,,,renovacion_popular
1358627575665410049,1358627575665410049,1612757030000.0,2021-02-07 23:03:50,-500,,Es complicado dejar de criticar a este #GobiernoEncargado un show vergonzoso por la llegada del 1% aprox del total de vacunas que necesitamos demuestra una desesperaciÃ³n irracional por recuperar un minÃºsculo respaldo de la poblaciÃ³n.,es,['gobiernoencargado'],[],1376956609,1376956609,Alm_Montoya,Jorge Montoya ğŸ‡µğŸ‡ª,7,23,https://twitter.com/Alm_Montoya/status/1358627575665410049,[],[],0,,False,275,23,90,,None,,,,,,,[],,,,,renovacion_popular
1358510772733808641,1358510772733808641,1612729182000.0,2021-02-07 15:19:42,-500,,"â€œYo no soy dueÃ±o de la verdad, solo soy una persona humilde con valores inquebrantables que ama a su PaÃ­sâ€ #AlmiranteJorgeMontoya #R1 ğŸ‡µğŸ‡ª",es,"['almirantejorgemontoya', 'r1']",[],1376956609,1376956609,Alm_Montoya,Jorge Montoya ğŸ‡µğŸ‡ª,7,15,https://twitter.com/Alm_Montoya/status/1358510772733808641,[],[],0,,False,303,13,80,,None,,,,,,,[],,,,,renovacion_popular
1358408909460025349,1358408909460025349,1612704896000.0,2021-02-07 08:34:56,-500,,â–¶Entrevista completa:  https://t.co/f4WXgXPzA9 #AlmiranteJorgeMontoya #R1  https://t.co/GAyvvPmBxN,es,"['almirantejorgemontoya', 'r1']",[],1376956609,1376956609,Alm_Montoya,Jorge Montoya ğŸ‡µğŸ‡ª,7,8,https://twitter.com/Alm_Montoya/status/1358408909460025349,['http://bit.ly/36QNtYZ'],['https://pbs.twimg.com/media/EtoJs7EWYAM9-cG.jpg'],1,https://pbs.twimg.com/media/EtoJs7EWYAM9-cG.jpg,False,46,0,17,,None,,,,,,,[],,,,,renovacion_popular
1358120828030844929,1358120828030844929,1612636212000.0,2021-02-06 13:30:12,-500,,"Para mejorar la seguridad, los jefes de barrio son la clave. â–¶Entrevista completa:  https://t.co/f4WXgXPzA9 #AlmiranteJorgeMontoya #R1  https://t.co/kiZze801gQ",es,"['almirantejorgemontoya', 'r1']",[],1376956609,1376956609,Alm_Montoya,Jorge Montoya ğŸ‡µğŸ‡ª,6,13,https://twitter.com/Alm_Montoya/status/1358120828030844929,['http://bit.ly/36QNtYZ'],[],1,https://pbs.twimg.com/ext_tw_video_thumb/1358120687022579716/pu/img/eG-1AITQSw4a1sXW.jpg,False,35,2,12,,None,,,,,,,[],,,,,renovacion_popular
1357888796361187328,1357888796361187328,1612580892000.0,2021-02-05 22:08:12,-500,,Conoce mis propuestas en mi canal de Youtube. â–¶  https://t.co/fpn9ZccpPP  #AlmiranteJorgeMontoya #R1  https://t.co/l2ZQQM1z5W,es,"['almirantejorgemontoya', 'r1']",[],1376956609,1376956609,Alm_Montoya,Jorge Montoya ğŸ‡µğŸ‡ª,5,22,https://twitter.com/Alm_Montoya/status/1357888796361187328,['http://bit.ly/3re0TGq'],['https://pbs.twimg.com/media/EtgwqXHWgAEXUZb.jpg'],1,https://pbs.twimg.com/media/EtgwqXHWgAEXUZb.jpg,False,116,4,44,,None,,,,,,,[],,,,,renovacion_popular
1357821560002924547,1357821560002924547,1612564861000.0,2021-02-05 17:41:01,-500,,"El lugar de la memoria tiene que desaparecer, es un lugar donde levantamos la imagen del terrorismo.   â–¶ Entrevista completa:  https://t.co/fpn9ZccpPP #AlmiranteJorgeMontoya #R1  https://t.co/Itix1ibhrH",es,"['almirantejorgemontoya', 'r1']",[],1376956609,1376956609,Alm_Montoya,Jorge Montoya ğŸ‡µğŸ‡ª,5,17,https://twitter.com/Alm_Montoya/status/1357821560002924547,['http://bit.ly/3re0TGq'],[],1,https://pbs.twimg.com/ext_tw_video_thumb/1357821298626490368/pu/img/-iQk_t2WLF1yhndh.jpg,False,311,49,125,,None,,,,,,,[],,,,,renovacion_popular
1357793380865101824,1357793380865101824,1612558143000.0,2021-02-05 15:49:03,-500,,Presentaremos una proyecto de ley que modifique la curricula escolar de manera integral. La educacion civica es esencial para nuestro pais.  #AlmiranteJorgeMontoya #R1  https://t.co/F51KaMomlD,es,"['almirantejorgemontoya', 'r1']",[],1376956609,1376956609,Alm_Montoya,Jorge Montoya ğŸ‡µğŸ‡ª,5,15,https://twitter.com/Alm_Montoya/status/1357793380865101824,[],[],1,https://pbs.twimg.com/ext_tw_video_thumb/1357793333012295681/pu/img/n1lpEAsUru1h2ni1.jpg,False,267,22,92,,None,,,,,,,[],,,,,renovacion_popular
1357390471195222017,1357390471195222017,1612462082000.0,2021-02-04 13:08:02,-500,,No deja de sorprender el #GobiernoEncargado su Ãºnica misiÃ³n era combatir #Covid19 (no hay vacunas) reactivar la economÃ­a (frenaron la recuperaciÃ³n econÃ³mica ) y velar por la transparencia en los prÃ³ximos comicios electorales #Elecciones2021 y nada de eso estÃ¡ pasando.,es,"['gobiernoencargado', 'covid19', 'elecciones2021']",[],1376956609,1376956609,Alm_Montoya,Jorge Montoya ğŸ‡µğŸ‡ª,4,13,https://twitter.com/Alm_Montoya/status/1357390471195222017,[],[],0,,False,270,12,104,,None,,,,,,,[],,,,,renovacion_popular
1357184497310175233,1357184497310175233,1612412974000.0,2021-02-03 23:29:34,-500,,Conoce el plan econÃ³mico que planteamos en el siguiente reportaje.  â–¶ Video Completo:  https://t.co/Sv4AnvGtCp #AlmiranteJorgeMontoya #R1 #RenovacionPopular  https://t.co/s1TUeMJpO0,es,"['almirantejorgemontoya', 'r1', 'renovacionpopular']",[],1376956609,1376956609,Alm_Montoya,Jorge Montoya ğŸ‡µğŸ‡ª,3,23,https://twitter.com/Alm_Montoya/status/1357184497310175233,['http://bit.ly/3cDk9J4'],[],1,https://pbs.twimg.com/ext_tw_video_thumb/1357184384890191874/pu/img/IfoK0sfnTF7D3ZPH.jpg,False,131,10,49,,None,,,,,,,[],,,,,renovacion_popular
1357123507650523136,1357123507650523136,1612398433000.0,2021-02-03 19:27:13,-500,,Hoy a las 11 p.m. estarÃ© en vivo por  https://t.co/Tisng5JDJt dando a conocer mis propuestas y mÃ¡s.  #AlmiranteJorgeMontoya #R1  https://t.co/OzIKcYahFb,es,"['almirantejorgemontoya', 'r1']",[],1376956609,1376956609,Alm_Montoya,Jorge Montoya ğŸ‡µğŸ‡ª,3,19,https://twitter.com/Alm_Montoya/status/1357123507650523136,['http://Latina.pe'],['https://pbs.twimg.com/media/EtV4oupXMAMumCC.jpg'],1,https://pbs.twimg.com/media/EtV4oupXMAMumCC.jpg,False,65,3,19,,None,,,,,,,[],,,,,renovacion_popular
1357105741472088068,1357105741472088068,1612394197000.0,2021-02-03 18:16:37,-500,,Yo apoyo la iniciativa #CuarentenaAbierta de @Defensores2021 #DefensoresDeLaInversion  https://t.co/dUWudmypfc,es,"['cuarentenaabierta', 'defensoresdelainversion']",[],1376956609,1376956609,Alm_Montoya,Jorge Montoya ğŸ‡µğŸ‡ª,3,18,https://twitter.com/Alm_Montoya/status/1357105741472088068,[],[],1,https://pbs.twimg.com/ext_tw_video_thumb/1357105674107441154/pu/img/U8bxAbQd3px880M-.jpg,False,60,3,19,,None,,,,,,,[],,,,,renovacion_popular
1356700160164823041,1356700160164823041,1612297499000.0,2021-02-02 15:24:59,-500,,"Grande, como siempre debiÃ³ ser.  #AlmiranteJorgeMontoya #R1  https://t.co/t7WoSn1uvd",es,"['almirantejorgemontoya', 'r1']",[],1376956609,1376956609,Alm_Montoya,Jorge Montoya ğŸ‡µğŸ‡ª,2,15,https://twitter.com/Alm_Montoya/status/1356700160164823041,[],['https://pbs.twimg.com/media/EtP3mi4XUAA4Ldj.jpg'],1,https://pbs.twimg.com/media/EtP3mi4XUAA4Ldj.jpg,False,150,7,40,,None,,,,,,,[],,,,,renovacion_popular
1356448961414979586,1356448961414979586,1612237608000.0,2021-02-01 22:46:48,-500,,"Debemos encontrar nuevas formas de protestar. Las marchas son focos de contagio, aunque digan que no.  #AlmiranteJorgeMontoya #R1  https://t.co/eeLmQyHbn1",es,"['almirantejorgemontoya', 'r1']",[],1376956609,1376956609,Alm_Montoya,Jorge Montoya ğŸ‡µğŸ‡ª,1,22,https://twitter.com/Alm_Montoya/status/1356448961414979586,[],[],1,https://pbs.twimg.com/ext_tw_video_thumb/1356448891718238209/pu/img/dLe8e5yPb6N5qa6Z.jpg,False,76,10,21,,None,,,,,,,[],,,,,renovacion_popular
1356351808847949825,1356351808847949825,1612214445000.0,2021-02-01 16:20:45,-500,,ğŸ‘‰ Entrevista Completa:  https://t.co/F2CqnNoSRn #AlmiranteJorgeMontoya #R1  https://t.co/u0NDW03Gw7,es,"['almirantejorgemontoya', 'r1']",[],1376956609,1376956609,Alm_Montoya,Jorge Montoya ğŸ‡µğŸ‡ª,1,16,https://twitter.com/Alm_Montoya/status/1356351808847949825,['https://bit.ly/2NRieGx'],['https://pbs.twimg.com/media/EtK6x6MXYAMiraQ.jpg'],1,https://pbs.twimg.com/media/EtK6x6MXYAMiraQ.jpg,False,29,1,10,,None,,,,,,,[],,,,,renovacion_popular
1356310215864557568,1356310215864557568,1612204529000.0,2021-02-01 13:35:29,-500,,La cuarentena no tiene sentido. La economia serÃ¡ golpeada nuevamente #AlmiranteJorgeMontoya #R1 #NoALaCuarentena  https://t.co/XyMJ2hJ1dq,es,"['almirantejorgemontoya', 'r1', 'noalacuarentena']",[],1376956609,1376956609,Alm_Montoya,Jorge Montoya ğŸ‡µğŸ‡ª,1,13,https://twitter.com/Alm_Montoya/status/1356310215864557568,[],[],1,https://pbs.twimg.com/ext_tw_video_thumb/1356310124281925633/pu/img/VKyKp83_RJgDwDyD.jpg,False,119,3,49,,None,,,,,,,[],,,,,renovacion_popular
1356117252588892161,1356117252588892161,1612158523000.0,2021-02-01 00:48:43,-500,,Doctor que perdiÃ³ credibilidad al decir que en las â€œmanifestacionesâ€   no se contagian por COVID-19 viene a dar consejos y decir por que estamos en #SegundaOla. El descaro es impresionante.,es,['segundaola'],[],1376956609,1376956609,Alm_Montoya,Jorge Montoya ğŸ‡µğŸ‡ª,1,0,https://twitter.com/Alm_Montoya/status/1356117252588892161,[],[],0,,False,290,16,88,,None,,,,,,,[],,,,,renovacion_popular
1356055499087740931,1356055499087740931,1612143799000.0,2021-01-31 20:43:19,-500,,#Encuestas manipuladas #Elecciones2021 poco mÃ¡s de mil encuestados por telÃ©fono. Aparentemente encuestadora vinculada con un Ministro de Estado actual. Verdadera encuesta serÃ¡ #11Abril2021 conozcan su candidato antes de votar. #UstedesSiMeRepresentan #AlmiranteJorgeMontoya #R1,es,"['encuestas', 'elecciones2021', '11abril2021', 'ustedessimerepresentan', 'almirantejorgemontoya', 'r1']",[],1376956609,1376956609,Alm_Montoya,Jorge Montoya ğŸ‡µğŸ‡ª,7,20,https://twitter.com/Alm_Montoya/status/1356055499087740931,[],[],0,,False,151,3,55,,None,,,,,,,[],,,,,renovacion_popular
1356013693323124737,1356013693323124737,1612133832000.0,2021-01-31 17:57:12,-500,,ConÃ³zcanme un poco mÃ¡s en este video.  #AlmiranteJorgeMontoya #R1  https://t.co/znawkueAkc,es,"['almirantejorgemontoya', 'r1']",[],1376956609,1376956609,Alm_Montoya,Jorge Montoya ğŸ‡µğŸ‡ª,7,17,https://twitter.com/Alm_Montoya/status/1356013693323124737,[],[],1,https://pbs.twimg.com/ext_tw_video_thumb/1356013543502602244/pu/img/2ZOP0eQ5O5QNrFpa.jpg,False,145,5,50,,None,,,,,,,[],,,,,renovacion_popular
1355923109640024065,1355923109640024065,1612112235000.0,2021-01-31 11:57:15,-500,,"Â¿CÃ³mo combatimos la segunda ola?  â–¶ Cercos epidemiolÃ³gico, vacunas y mÃ¡s  #AlmiranteJorgeMontoya #R1  https://t.co/Bqb0whj8ic",es,"['almirantejorgemontoya', 'r1']",[],1376956609,1376956609,Alm_Montoya,Jorge Montoya ğŸ‡µğŸ‡ª,7,11,https://twitter.com/Alm_Montoya/status/1355923109640024065,[],[],1,https://pbs.twimg.com/ext_tw_video_thumb/1355922623511863298/pu/img/L1OkB7bthNgSDoaI.jpg,False,92,2,38,,None,,,,,,,[],,,,,renovacion_popular
1354972489349275649,1354972489349275649,1611885590000.0,2021-01-28 20:59:50,-500,,"""Vamos a crear un nuevo sistema de pensiones para las FF.AA y PNP"" #AlmiranteJorgeMontoya #R1  https://t.co/sdcjUptguS",es,"['almirantejorgemontoya', 'r1']",[],1376956609,1376956609,Alm_Montoya,Jorge Montoya ğŸ‡µğŸ‡ª,4,20,https://twitter.com/Alm_Montoya/status/1354972489349275649,[],[],1,https://pbs.twimg.com/ext_tw_video_thumb/1354972408839630850/pu/img/YHr8_In2OqFYCCzW.jpg,False,47,3,19,,None,,,,,,,[],,,,,renovacion_popular
1354939088831471627,1354939088831471627,1611877626000.0,2021-01-28 18:47:06,-500,,#NuevaFotoDePerfil  https://t.co/eptVSPEdhA,und,['nuevafotodeperfil'],[],1376956609,1376956609,Alm_Montoya,Jorge Montoya ğŸ‡µğŸ‡ª,4,18,https://twitter.com/Alm_Montoya/status/1354939088831471627,[],['https://pbs.twimg.com/media/Es2163rXcAEpVjF.jpg'],1,https://pbs.twimg.com/media/Es2163rXcAEpVjF.jpg,False,90,5,29,,None,,,,,,,[],,,,,renovacion_popular
1354803691312750595,1354803691312750595,1611845345000.0,2021-01-28 09:49:05,-500,,Abuso de poder descomunal. No existe calificativo que manifieste la indignaciÃ³n que un peruano pueda sentir con tremendo despilfarro de nuestro dinero en esta clase de publicidad. #ComunismoNoMeRepresenta  https://t.co/HGuBGSKiwG,es,['comunismonomerepresenta'],[],1376956609,1376956609,Alm_Montoya,Jorge Montoya ğŸ‡µğŸ‡ª,4,9,https://twitter.com/Alm_Montoya/status/1354803691312750595,[],['https://pbs.twimg.com/media/Es06xa5UwAs58Dd.jpg'],1,https://pbs.twimg.com/media/Es06xa5UwAs58Dd.jpg,False,143,23,88,,None,,,,,,,[],,,,,renovacion_popular
1354756594400178176,1354756594400178176,1611834116000.0,2021-01-28 06:41:56,-500,,Sin anÃ¡lisis ni planeamiento. El manejo de la pandemia es desastroso y repetimos los mismos errores. #NoALaCuarentena  https://t.co/MsKzPfX8GV,es,['noalacuarentena'],[],1376956609,1376956609,Alm_Montoya,Jorge Montoya ğŸ‡µğŸ‡ª,4,6,https://twitter.com/Alm_Montoya/status/1354756594400178176,[],[],1,https://pbs.twimg.com/ext_tw_video_thumb/1354756305156759552/pu/img/u8wjbyj3kU6VjHzi.jpg,False,78,5,35,,None,,,,,,,[],,,,,renovacion_popular
1354488339836129281,1354488339836129281,1611770160000.0,2021-01-27 12:56:00,-500,,"â€œDespuÃ©s de casi un aÃ±o la situaciÃ³n se repite, las mismas medidas equivocadas y sin rumbo. El confinamiento total estÃ¡ pensado solo para la clase alta y media, Â¿Y quiÃ©n piensa en la gente que vive del dÃ­a a dÃ­a?â€ #NoALaCuarentena  https://t.co/rIKfEs2xFs",es,['noalacuarentena'],[],1376956609,1376956609,Alm_Montoya,Jorge Montoya ğŸ‡µğŸ‡ª,3,12,https://twitter.com/Alm_Montoya/status/1354488339836129281,[],[],1,https://pbs.twimg.com/ext_tw_video_thumb/1354486065298624516/pu/img/BAoA9CSq--aTJve_.jpg,False,598,82,201,,None,,,,,,,[],,,,,renovacion_popular
1354276591426297858,1354276591426297858,1611719675000.0,2021-01-26 22:54:35,-500,,En quÃ© momento el #GobiernoEncargado asumirÃ¡ con costo polÃ­tico el pÃ©simo manejo de la Pandemia ? El Congreso sigue en funciones ? porque no ejerce el control polÃ­tico que le corresponde y logra que se corrijan las medidas ineficientes tomadas,es,['gobiernoencargado'],[],1376956609,1376956609,Alm_Montoya,Jorge Montoya ğŸ‡µğŸ‡ª,2,22,https://twitter.com/Alm_Montoya/status/1354276591426297858,[],[],0,,False,294,11,88,,None,,,,,,,[],,,,,renovacion_popular
1354265169669578757,1354265169669578757,1611716952000.0,2021-01-26 22:09:12,-500,,"#Confinamiento nuevamente para evitar contagios, ese fue el mensaje del #PresidenteEncargado. Cumplamos con lo dispuesto. Pero como atenderÃ¡ el #GobiernoEncargado las necesidades del dÃ­a a dÃ­a de los que no tienen empleo ?",es,"['confinamiento', 'presidenteencargado', 'gobiernoencargado']",[],1376956609,1376956609,Alm_Montoya,Jorge Montoya ğŸ‡µğŸ‡ª,2,22,https://twitter.com/Alm_Montoya/status/1354265169669578757,[],[],0,,False,61,3,17,,None,,,,,,,[],,,,,renovacion_popular
1354223336734273540,1354223336734273540,1611706978000.0,2021-01-26 19:22:58,-500,,Necesitamos un solo sistema pensionario para #FFAA y #PNP #AlmiranteJorgeMontoya #R1  https://t.co/yHTXQTEfnO,es,"['ffaa', 'pnp', 'almirantejorgemontoya', 'r1']",[],1376956609,1376956609,Alm_Montoya,Jorge Montoya ğŸ‡µğŸ‡ª,2,19,https://twitter.com/Alm_Montoya/status/1354223336734273540,[],[],1,https://pbs.twimg.com/ext_tw_video_thumb/1354223204831813632/pu/img/FSUNppnvsy9bd-ZE.jpg,False,40,1,16,,None,,,,,,,[],,,,,renovacion_popular
1354061939207499778,1354061939207499778,1611668498000.0,2021-01-26 08:41:38,-500,,#AlmiranteJorgeMontoya #R1 lo que estÃ¡ en el vientre de la madre es una vida humana. #ProVida #ProFamilia  https://t.co/lknBB8Chme,es,"['almirantejorgemontoya', 'r1', 'provida', 'profamilia']",[],1376956609,1376956609,Alm_Montoya,Jorge Montoya ğŸ‡µğŸ‡ª,2,8,https://twitter.com/Alm_Montoya/status/1354061939207499778,[],[],1,https://pbs.twimg.com/ext_tw_video_thumb/1354061570427514880/pu/img/OotULtypw-EUuJlg.jpg,False,69,3,30,,None,,,,,,,[],,,,,renovacion_popular
1353777050348367874,1353777050348367874,1611600575000.0,2021-01-25 13:49:35,-500,,Conoce mÃ¡s de mis propuestas e ideas en mi canal de Youtube.  ğŸ‘‰ Entrevista Completa:  https://t.co/wlJuFmLGPO #AlmiranteJorgeMontoya #R1  https://t.co/F5pGHfGOMk,es,"['almirantejorgemontoya', 'r1']",[],1376956609,1376956609,Alm_Montoya,Jorge Montoya ğŸ‡µğŸ‡ª,1,13,https://twitter.com/Alm_Montoya/status/1353777050348367874,['https://bit.ly/3sZ9KNQ'],['https://pbs.twimg.com/media/EsmVDIuXMAIa82w.jpg'],1,https://pbs.twimg.com/media/EsmVDIuXMAIa82w.jpg,False,56,2,29,,None,,,,,,,[],,,,,renovacion_popular
1353526135049609216,1353526135049609216,1611540752000.0,2021-01-24 21:12:32,-500,,#AlmiranteJorgeMontoya #R1    https://t.co/KDly3qPgzP,und,"['almirantejorgemontoya', 'r1']",[],1376956609,1376956609,Alm_Montoya,Jorge Montoya ğŸ‡µğŸ‡ª,7,21,https://twitter.com/Alm_Montoya/status/1353526135049609216,['https://youtu.be/xsSCjl3gB4U'],[],0,,False,17,0,2,,None,,,,,,,[],,,,,renovacion_popular
1353406834653110274,1353406834653110274,1611512309000.0,2021-01-24 13:18:29,-500,,#AlmiranteJorgeMontoya #R1  https://t.co/3Urh7eePrJ,und,"['almirantejorgemontoya', 'r1']",[],1376956609,1376956609,Alm_Montoya,Jorge Montoya ğŸ‡µğŸ‡ª,7,13,https://twitter.com/Alm_Montoya/status/1353406834653110274,[],['https://pbs.twimg.com/media/EshEVVbW8AAht7R.jpg'],1,https://pbs.twimg.com/media/EshEVVbW8AAht7R.jpg,False,46,0,13,,None,,,,,,,[],,,,,renovacion_popular
1353375123881955329,1353375123881955329,1611504748000.0,2021-01-24 11:12:28,-500,,Hoy 7pm #AlmiranteJorgeMontoya #R1  https://t.co/siY0Thjzc0,es,"['almirantejorgemontoya', 'r1']",[],1376956609,1376956609,Alm_Montoya,Jorge Montoya ğŸ‡µğŸ‡ª,7,11,https://twitter.com/Alm_Montoya/status/1353375123881955329,[],['https://pbs.twimg.com/media/EsgnfagXcAEUn5X.jpg'],1,https://pbs.twimg.com/media/EsgnfagXcAEUn5X.jpg,False,96,6,28,,None,,,,,,,[],,,,,renovacion_popular
1353051433273274372,1353051433273274372,1611427574000.0,2021-01-23 13:46:14,-500,,#AlmiranteJorgeMontoya #R1  https://t.co/s5nhoZjzwf,und,"['almirantejorgemontoya', 'r1']",[],1376956609,1376956609,Alm_Montoya,Jorge Montoya ğŸ‡µğŸ‡ª,6,13,https://twitter.com/Alm_Montoya/status/1353051433273274372,[],['https://pbs.twimg.com/media/EscBGnxXAAA_2DG.jpg'],1,https://pbs.twimg.com/media/EscBGnxXAAA_2DG.jpg,False,64,3,29,,None,,,,,,,[],,,,,renovacion_popular
1352695688287629313,1352695688287629313,1611342758000.0,2021-01-22 14:12:38,-500,,#AlmiranteJorgeMontoya #R1   https://t.co/cMFUjLtTCO,und,"['almirantejorgemontoya', 'r1']",[],1376956609,1376956609,Alm_Montoya,Jorge Montoya ğŸ‡µğŸ‡ª,5,14,https://twitter.com/Alm_Montoya/status/1352695688287629313,['https://youtube.com/watch?v=UnQa-T2g4Ts&feature=share'],[],0,,False,9,1,5,,None,,,,,,,[],,,,,renovacion_popular
1352411314849771521,1352411314849771521,1611274958000.0,2021-01-21 19:22:38,-500,,#AlmiranteJorgeMontoya #R1,und,"['almirantejorgemontoya', 'r1']",[],1376956609,1376956609,Alm_Montoya,Jorge Montoya ğŸ‡µğŸ‡ª,4,19,https://twitter.com/Alm_Montoya/status/1352411314849771521,[],[],0,,False,41,1,18,https://twitter.com/ucinoticias_pe/status/1352355005169344514,None,,,,,,,[],,,,,renovacion_popular
1352357811557167105,1352357811557167105,1611262202000.0,2021-01-21 15:50:02,-500,,Hoy a las 10pm  https://t.co/415YSEM7hA,es,[],[],1376956609,1376956609,Alm_Montoya,Jorge Montoya ğŸ‡µğŸ‡ª,4,15,https://twitter.com/Alm_Montoya/status/1352357811557167105,[],[],1,https://pbs.twimg.com/ext_tw_video_thumb/1352357694687076352/pu/img/LjmO3rwKBqCRaMYO.jpg,False,30,1,14,,None,,,,,,,[],,,,,renovacion_popular
1352354940094734339,1352354940094734339,1611261517000.0,2021-01-21 15:38:37,-500,,@ucinoticias_pe HOY 10pm #AlmiranteJorgeMontoya #R1  https://t.co/Op1lyIr1vt,es,"['almirantejorgemontoya', 'r1']",[],1376956609,1376956609,Alm_Montoya,Jorge Montoya ğŸ‡µğŸ‡ª,4,15,https://twitter.com/Alm_Montoya/status/1352354940094734339,[],[],1,https://pbs.twimg.com/ext_tw_video_thumb/1352354417262137469/pu/img/W0IHdwqFSJHzyQyE.jpg,False,3,0,2,,None,,,,,,,[],,,,,renovacion_popular
1352329916306612225,1352329916306612225,1611255551000.0,2021-01-21 13:59:11,-500,,@ucinoticias_pe HOY 10pm #AlmiranteJorgeMontoya #R1  https://t.co/MsmvLVDulu,es,"['almirantejorgemontoya', 'r1']",[],1376956609,1376956609,Alm_Montoya,Jorge Montoya ğŸ‡µğŸ‡ª,4,13,https://twitter.com/Alm_Montoya/status/1352329916306612225,[],[],1,https://pbs.twimg.com/ext_tw_video_thumb/1352329525074526210/pu/img/90K4hO9GyOp8S9Oj.jpg,False,2,0,0,,None,,,,,,,[],,,,,renovacion_popular
1352317925823283202,1352317925823283202,1611252693000.0,2021-01-21 13:11:33,-500,, https://t.co/ewIB2sraRN,und,[],[],1376956609,1376956609,Alm_Montoya,Jorge Montoya ğŸ‡µğŸ‡ª,4,13,https://twitter.com/Alm_Montoya/status/1352317925823283202,['http://uci.pe/2021/01/21/apoyo-a-la-micro-pequena-y-mediana-empresa-plantea-jorge-montoya/'],[],0,,False,70,1,26,,None,,,,,,,[],,,,,renovacion_popular
1352295518949539845,1352295518949539845,1611247350000.0,2021-01-21 11:42:30,-500,,#AlmiranteJorgeMontoya #R1  https://t.co/pWhGlAbbOJ,und,"['almirantejorgemontoya', 'r1']",[],1376956609,1376956609,Alm_Montoya,Jorge Montoya ğŸ‡µğŸ‡ª,4,11,https://twitter.com/Alm_Montoya/status/1352295518949539845,[],['https://pbs.twimg.com/media/EsRRmsfXUAIdI8e.jpg'],1,https://pbs.twimg.com/media/EsRRmsfXUAIdI8e.jpg,False,45,0,16,,None,,,,,,,[],,,,,renovacion_popular
1352042760522637314,1352042760522637314,1611187088000.0,2021-01-20 18:58:08,-500,,"ğŸ”´ğŸš¨ #ATENCIÃ“N Conoce las propuestas del @Alm_Montoya, candidato al @congresoperu con el nÃºmero 1 y Primera Vicepresidencia por el @Renovacion_Peru. âœ… #EdiciÃ³nEspecial, con Diego AcuÃ±a, este jueves a las 10 p.m. por el canal 18.1 TDT y 516 y 30 de Claro TV.  https://t.co/zbXjXpGiBz",es,"['atenciÃ³n', 'ediciÃ³nespecial']",[],1376956609,1376956609,Alm_Montoya,Jorge Montoya ğŸ‡µğŸ‡ª,3,18,https://twitter.com/Alm_Montoya/status/1352042760522637314,[],['https://pbs.twimg.com/media/EsNruE4W8AUqn0U.jpg'],1,https://pbs.twimg.com/media/EsNruE4W8AUqn0U.jpg,False,42,0,14,,None,,,,,,,[],,,,,renovacion_popular
1351312653424205828,1351312653424205828,1611013017000.0,2021-01-18 18:36:57,-500,,Los invito a que me sigan en mis redes. #RenovacionPopular #R1  https://t.co/CeQxruPrr4,es,"['renovacionpopular', 'r1']",[],1376956609,1376956609,Alm_Montoya,Jorge Montoya ğŸ‡µğŸ‡ª,1,18,https://twitter.com/Alm_Montoya/status/1351312653424205828,[],['https://pbs.twimg.com/media/EsDTsXyW4AEtfM5.jpg'],1,https://pbs.twimg.com/media/EsDTsXyW4AEtfM5.jpg,False,70,2,17,,None,,,,,,,[],,,,,renovacion_popular
1350954256245907459,1350954256245907459,1610927568000.0,2021-01-17 18:52:48,-500,,#AlmiranteJorgeMontoya #JorgeMontoya2021 Candidato #SegundoVicePresidente y #AlCongresoNumero1 con #RenovacionPopular #R1  https://t.co/R1MfTltxZj,es,"['almirantejorgemontoya', 'jorgemontoya2021', 'segundovicepresidente', 'alcongresonumero1', 'renovacionpopular', 'r1']",[],1376956609,1376956609,Alm_Montoya,Jorge Montoya ğŸ‡µğŸ‡ª,7,18,https://twitter.com/Alm_Montoya/status/1350954256245907459,[],['https://pbs.twimg.com/media/Er-Nu-MXEAUZQk1.jpg'],1,https://pbs.twimg.com/media/Er-Nu-MXEAUZQk1.jpg,False,142,2,42,,None,,,,,,,[],,,,,renovacion_popular
1350475445591040001,1350475445591040001,1610813411000.0,2021-01-16 11:10:11,-500,,#AlmiranteJorgeMontoya #JorgeMontoya2021 Candidato #SegundoVicePresidente y #AlCongresoNumero1 con #RenovacionPopular #R1,es,"['almirantejorgemontoya', 'jorgemontoya2021', 'segundovicepresidente', 'alcongresonumero1', 'renovacionpopular', 'r1']",[],1376956609,1376956609,Alm_Montoya,Jorge Montoya ğŸ‡µğŸ‡ª,6,11,https://twitter.com/Alm_Montoya/status/1350475445591040001,[],[],0,,False,16,1,7,https://twitter.com/Renovacion_Peru/status/1350458533557497861,None,,,,,,,[],,,,,renovacion_popular
1349706994274488324,1349706994274488324,1610630198000.0,2021-01-14 08:16:38,-500,,Las HeroÃ­nas encargadas de las #ComedoresPopulares serÃ¡n parte de #MiAgenda 2021-2026 #EEGG2021 #R1 #AlmiranteJorgeMontoya #JorgeMontoya2021 Candidato #SegundoVicePresidente y #AlCongresoNumero1 con #RenovacionPopular,es,"['comedorespopulares', 'miagenda', 'eegg2021', 'r1', 'almirantejorgemontoya', 'jorgemontoya2021', 'segundovicepresidente', 'alcongresonumero1', 'renovacionpopular']",[],1376956609,1376956609,Alm_Montoya,Jorge Montoya ğŸ‡µğŸ‡ª,4,8,https://twitter.com/Alm_Montoya/status/1349706994274488324,[],[],0,,False,44,2,12,,None,,,,,,,[],,,,,renovacion_popular
1348792052855799808,1348792052855799808,1610412059000.0,2021-01-11 19:40:59,-500,,#R1 #RenovacionPopular,und,"['r1', 'renovacionpopular']",[],1376956609,1376956609,Alm_Montoya,Jorge Montoya ğŸ‡µğŸ‡ª,1,19,https://twitter.com/Alm_Montoya/status/1348792052855799808,[],[],0,,False,23,0,4,https://twitter.com/Renovacion_Peru/status/1348738334852579329,None,,,,,,,[],,,,,renovacion_popular
1348402964696887297,1348402964696887297,1610319293000.0,2021-01-10 17:54:53,-500,,#R1 #RenovacionPopular,und,"['r1', 'renovacionpopular']",[],1376956609,1376956609,Alm_Montoya,Jorge Montoya ğŸ‡µğŸ‡ª,7,17,https://twitter.com/Alm_Montoya/status/1348402964696887297,[],[],0,,False,57,0,12,,None,,,,,,,[],,,,,renovacion_popular
1347224212080123911,1347224212080123911,1610038257000.0,2021-01-07 11:50:57,-500,,"El almirante (r) @Alm_Montoya, candidato a la Segunda Vicepresidencia por #RenovaciÃ³nPopular, afirma que se priorizarÃ¡n obras de infraestructura e interconexiÃ³n vial que generen millones de puestos de trabajo.  https://t.co/1J1BrwaDrK",es,['renovaciÃ³npopular'],[],1376956609,1376956609,Alm_Montoya,Jorge Montoya ğŸ‡µğŸ‡ª,4,11,https://twitter.com/Alm_Montoya/status/1347224212080123911,[],['https://pbs.twimg.com/media/ErJNR0PXIAMF147.jpg'],1,https://pbs.twimg.com/media/ErJNR0PXIAMF147.jpg,False,72,6,21,,None,,,,,,,[],,,,,renovacion_popular
1346629592048685056,1346629592048685056,1609896488000.0,2021-01-05 20:28:08,-500,,Los invito a mi entrevista 20:30 hrs.    https://t.co/2YNu2YWSfT  https://t.co/1gez0A2iy2,es,[],[],1376956609,1376956609,Alm_Montoya,Jorge Montoya ğŸ‡µğŸ‡ª,2,20,https://twitter.com/Alm_Montoya/status/1346629592048685056,['https://www.facebook.com/1626040284295005/posts/2856940151205006/'],['https://pbs.twimg.com/media/ErAweW3XcAEt0M5.jpg'],1,https://pbs.twimg.com/media/ErAweW3XcAEt0M5.jpg,False,27,3,5,,None,,,,,,,[],,,,,renovacion_popular
1346212904379547649,1346212904379547649,1609797142000.0,2021-01-04 16:52:22,-500,,"RenovaciÃ³n Popular es el Ãºnico partido en defensa de la vida y la familia. El ingeniero Rafael LÃ³pez Aliaga y el Almirante Jorge Montoya Manrique, reafirman su total compromiso.   #jorgemontoya2021 #AlmiranteJorgeMontoya #alcongresonumero1 #SegundoVicePresidente  https://t.co/zJt7pCvSvA",es,"['jorgemontoya2021', 'almirantejorgemontoya', 'alcongresonumero1', 'segundovicepresidente']",[],1376956609,1376956609,Alm_Montoya,Jorge Montoya ğŸ‡µğŸ‡ª,1,16,https://twitter.com/Alm_Montoya/status/1346212904379547649,[],['https://pbs.twimg.com/media/Eq61f0AXIAAQzzU.jpg'],1,https://pbs.twimg.com/media/Eq61f0AXIAAQzzU.jpg,False,124,1,27,,None,,,,,,,[],,,,,renovacion_popular
1346074861668610049,1346074861668610049,1609764230000.0,2021-01-04 07:43:50,-500,,Feliz Aniversario #Piura  https://t.co/9C5Ui42W7M,pt,['piura'],[],1376956609,1376956609,Alm_Montoya,Jorge Montoya ğŸ‡µğŸ‡ª,1,7,https://twitter.com/Alm_Montoya/status/1346074861668610049,[],['https://pbs.twimg.com/media/Eq4383EW8AMj8kj.jpg'],1,https://pbs.twimg.com/media/Eq4383EW8AMj8kj.jpg,False,56,1,7,,None,,,,,,,[],,,,,renovacion_popular
1345757079844347904,1345757079844347904,1609688465000.0,2021-01-03 10:41:05,-500,,"Congresista #LeninBazan se saca la careta, exige que hayan muertos #PNP para dialogar en igualdad de condiciones.  El #ComunismoNoMeRepresenta",es,"['leninbazan', 'pnp', 'comunismonomerepresenta']",[],1376956609,1376956609,Alm_Montoya,Jorge Montoya ğŸ‡µğŸ‡ª,7,10,https://twitter.com/Alm_Montoya/status/1345757079844347904,[],[],0,,False,267,17,109,,None,,,,,,,[],,,,,renovacion_popular
